cell_num	coverage_mean	coverage_variance	eff_seq_err_rate	ado_rate	deletion_rate	insertion_rate	dataset	tool	snv_type	tool_setup	fine_tune_type	data_type	true_cell_names	cell_names	loci_info	true_ado_states	ado_states	true_positive	false_positive	true_negative	false_negative	recall	precision	f1_score	fall_out	true_positive_one_ado	false_positive_one_ado	true_negative_one_ado	false_negative_one_ado	recall_one_ado	precision_one_ado	f1_score_one_ado	fall_out_one_ado	true_positive_two_ados	false_positive_two_ados	true_negative_two_ados	false_negative_two_ados	recall_two_ados	precision_two_ados	f1_score_two_ados	fall_out_two_ados
40	20	10	0.001999	0.16334	0.0	0.0	0001	sieve	candidate_snvs	none_univ	mt	exc_cnv	/home/kang/research/SIEVE_benchmark_pipeline_04_02/benchmark_results/simulated_data/results/snv_cell_names	/home/kang/research/SIEVE_benchmark_pipeline_04_02/benchmark_results/sieve/from_candidate/variant_calling/mt/exc_cnv/none_univ/0001/sieve_median.cell_names	/home/kang/research/SIEVE_benchmark_pipeline_04_02/benchmark_results/sieve/from_candidate/variant_calling/mt/exc_cnv/none_univ/0001/sieve_median.loci_info	/home/kang/research/SIEVE_benchmark_pipeline_04_02/benchmark_results/simulated_data/results/ado_state_dir/ado_states.0001	/home/kang/research/SIEVE_benchmark_pipeline_04_02/benchmark_results/sieve/from_candidate/variant_calling/mt/exc_cnv/none_univ/0001/sieve_median.ado	1938	220	11349	373	0.8385980095196884	0.8980537534754403	0.8673081226225108	0.0190163367620364	1938	220	11349	373	0.8385980095196884	0.8980537534754403	0.8673081226225108	0.0190163367620364	0	0	13880	0	NA	NA	NA	0.0
40	20	10	0.001999	0.16334	0.0	0.0	0002	sieve	candidate_snvs	none_univ	mt	exc_cnv	/home/kang/research/SIEVE_benchmark_pipeline_04_02/benchmark_results/simulated_data/results/snv_cell_names	/home/kang/research/SIEVE_benchmark_pipeline_04_02/benchmark_results/sieve/from_candidate/variant_calling/mt/exc_cnv/none_univ/0002/sieve_median.cell_names	/home/kang/research/SIEVE_benchmark_pipeline_04_02/benchmark_results/sieve/from_candidate/variant_calling/mt/exc_cnv/none_univ/0002/sieve_median.loci_info	/home/kang/research/SIEVE_benchmark_pipeline_04_02/benchmark_results/simulated_data/results/ado_state_dir/ado_states.0002	/home/kang/research/SIEVE_benchmark_pipeline_04_02/benchmark_results/sieve/from_candidate/variant_calling/mt/exc_cnv/none_univ/0002/sieve_median.ado	1423	183	8697	257	0.8470238095238095	0.886052303860523	0.8660986001217285	0.0206081081081081	1423	183	8697	257	0.8470238095238095	0.886052303860523	0.8660986001217285	0.0206081081081081	0	0	10560	0	NA	NA	NA	0.0
40	20	10	0.001999	0.16334	0.0	0.0	0003	sieve	candidate_snvs	none_univ	mt	exc_cnv	/home/kang/research/SIEVE_benchmark_pipeline_04_02/benchmark_results/simulated_data/results/snv_cell_names	/home/kang/research/SIEVE_benchmark_pipeline_04_02/benchmark_results/sieve/from_candidate/variant_calling/mt/exc_cnv/none_univ/0003/sieve_median.cell_names	/home/kang/research/SIEVE_benchmark_pipeline_04_02/benchmark_results/sieve/from_candidate/variant_calling/mt/exc_cnv/none_univ/0003/sieve_median.loci_info	/home/kang/research/SIEVE_benchmark_pipeline_04_02/benchmark_results/simulated_data/results/ado_state_dir/ado_states.0003	/home/kang/research/SIEVE_benchmark_pipeline_04_02/benchmark_results/sieve/from_candidate/variant_calling/mt/exc_cnv/none_univ/0003/sieve_median.ado	1599	233	9693	315	0.835423197492163	0.8728165938864629	0.8537106246663106	0.0234737054201088	1599	233	9693	315	0.835423197492163	0.8728165938864629	0.8537106246663106	0.0234737054201088	0	0	11840	0	NA	NA	NA	0.0
40	20	10	0.001999	0.16334	0.0	0.0	0004	sieve	candidate_snvs	none_univ	mt	exc_cnv	/home/kang/research/SIEVE_benchmark_pipeline_04_02/benchmark_results/simulated_data/results/snv_cell_names	/home/kang/research/SIEVE_benchmark_pipeline_04_02/benchmark_results/sieve/from_candidate/variant_calling/mt/exc_cnv/none_univ/0004/sieve_median.cell_names	/home/kang/research/SIEVE_benchmark_pipeline_04_02/benchmark_results/sieve/from_candidate/variant_calling/mt/exc_cnv/none_univ/0004/sieve_median.loci_info	/home/kang/research/SIEVE_benchmark_pipeline_04_02/benchmark_results/simulated_data/results/ado_state_dir/ado_states.0004	/home/kang/research/SIEVE_benchmark_pipeline_04_02/benchmark_results/sieve/from_candidate/variant_calling/mt/exc_cnv/none_univ/0004/sieve_median.ado	1783	215	10876	326	0.8454243717401612	0.8923923923923924	0.8682736790844898	0.0193850870074835	1783	215	10876	326	0.8454243717401612	0.8923923923923924	0.8682736790844898	0.0193850870074835	0	0	13200	0	NA	NA	NA	0.0
40	20	10	0.001999	0.16334	0.0	0.0	0005	sieve	candidate_snvs	none_univ	mt	exc_cnv	/home/kang/research/SIEVE_benchmark_pipeline_04_02/benchmark_results/simulated_data/results/snv_cell_names	/home/kang/research/SIEVE_benchmark_pipeline_04_02/benchmark_results/sieve/from_candidate/variant_calling/mt/exc_cnv/none_univ/0005/sieve_median.cell_names	/home/kang/research/SIEVE_benchmark_pipeline_04_02/benchmark_results/sieve/from_candidate/variant_calling/mt/exc_cnv/none_univ/0005/sieve_median.loci_info	/home/kang/research/SIEVE_benchmark_pipeline_04_02/benchmark_results/simulated_data/results/ado_state_dir/ado_states.0005	/home/kang/research/SIEVE_benchmark_pipeline_04_02/benchmark_results/sieve/from_candidate/variant_calling/mt/exc_cnv/none_univ/0005/sieve_median.ado	1654	224	9940	302	0.84560327198364	0.8807241746538871	0.8628064684402712	0.0220385674931129	1654	224	9940	302	0.84560327198364	0.8807241746538871	0.8628064684402712	0.0220385674931129	0	0	12120	0	NA	NA	NA	0.0
40	20	10	0.001999	0.16334	0.0	0.0	0006	sieve	candidate_snvs	none_univ	mt	exc_cnv	/home/kang/research/SIEVE_benchmark_pipeline_04_02/benchmark_results/simulated_data/results/snv_cell_names	/home/kang/research/SIEVE_benchmark_pipeline_04_02/benchmark_results/sieve/from_candidate/variant_calling/mt/exc_cnv/none_univ/0006/sieve_mode_gaussian.cell_names	/home/kang/research/SIEVE_benchmark_pipeline_04_02/benchmark_results/sieve/from_candidate/variant_calling/mt/exc_cnv/none_univ/0006/sieve_mode_gaussian.loci_info	/home/kang/research/SIEVE_benchmark_pipeline_04_02/benchmark_results/simulated_data/results/ado_state_dir/ado_states.0006	/home/kang/research/SIEVE_benchmark_pipeline_04_02/benchmark_results/sieve/from_candidate/variant_calling/mt/exc_cnv/none_univ/0006/sieve_mode_gaussian.ado	1842	229	11277	372	0.8319783197831978	0.889425398358281	0.8597432905484248	0.0199026594820093	1842	229	11277	372	0.8319783197831978	0.889425398358281	0.8597432905484248	0.0199026594820093	0	0	13720	0	NA	NA	NA	0.0
40	20	10	0.001999	0.16334	0.0	0.0	0007	sieve	candidate_snvs	none_univ	mt	exc_cnv	/home/kang/research/SIEVE_benchmark_pipeline_04_02/benchmark_results/simulated_data/results/snv_cell_names	/home/kang/research/SIEVE_benchmark_pipeline_04_02/benchmark_results/sieve/from_candidate/variant_calling/mt/exc_cnv/none_univ/0007/sieve_median.cell_names	/home/kang/research/SIEVE_benchmark_pipeline_04_02/benchmark_results/sieve/from_candidate/variant_calling/mt/exc_cnv/none_univ/0007/sieve_median.loci_info	/home/kang/research/SIEVE_benchmark_pipeline_04_02/benchmark_results/simulated_data/results/ado_state_dir/ado_states.0007	/home/kang/research/SIEVE_benchmark_pipeline_04_02/benchmark_results/sieve/from_candidate/variant_calling/mt/exc_cnv/none_univ/0007/sieve_median.ado	1526	216	9266	272	0.8487208008898777	0.8760045924225028	0.8621468926553671	0.0227800042185193	1526	216	9266	272	0.8487208008898777	0.8760045924225028	0.8621468926553671	0.0227800042185193	0	0	11280	0	NA	NA	NA	0.0
40	20	10	0.001999	0.16334	0.0	0.0	0008	sieve	candidate_snvs	none_univ	mt	exc_cnv	/home/kang/research/SIEVE_benchmark_pipeline_04_02/benchmark_results/simulated_data/results/snv_cell_names	/home/kang/research/SIEVE_benchmark_pipeline_04_02/benchmark_results/sieve/from_candidate/variant_calling/mt/exc_cnv/none_univ/0008/sieve_median.cell_names	/home/kang/research/SIEVE_benchmark_pipeline_04_02/benchmark_results/sieve/from_candidate/variant_calling/mt/exc_cnv/none_univ/0008/sieve_median.loci_info	/home/kang/research/SIEVE_benchmark_pipeline_04_02/benchmark_results/simulated_data/results/ado_state_dir/ado_states.0008	/home/kang/research/SIEVE_benchmark_pipeline_04_02/benchmark_results/sieve/from_candidate/variant_calling/mt/exc_cnv/none_univ/0008/sieve_median.ado	1809	269	11199	363	0.8328729281767956	0.870548604427334	0.8512941176470589	0.0234565748168817	1809	269	11199	363	0.8328729281767956	0.870548604427334	0.8512941176470589	0.0234565748168817	0	0	13640	0	NA	NA	NA	0.0
40	20	10	0.001999	0.16334	0.0	0.0	0009	sieve	candidate_snvs	none_univ	mt	exc_cnv	/home/kang/research/SIEVE_benchmark_pipeline_04_02/benchmark_results/simulated_data/results/snv_cell_names	/home/kang/research/SIEVE_benchmark_pipeline_04_02/benchmark_results/sieve/from_candidate/variant_calling/mt/exc_cnv/none_univ/0009/sieve_median.cell_names	/home/kang/research/SIEVE_benchmark_pipeline_04_02/benchmark_results/sieve/from_candidate/variant_calling/mt/exc_cnv/none_univ/0009/sieve_median.loci_info	/home/kang/research/SIEVE_benchmark_pipeline_04_02/benchmark_results/simulated_data/results/ado_state_dir/ado_states.0009	/home/kang/research/SIEVE_benchmark_pipeline_04_02/benchmark_results/sieve/from_candidate/variant_calling/mt/exc_cnv/none_univ/0009/sieve_median.ado	1827	221	10774	298	0.859764705882353	0.89208984375	0.875629043853343	0.020100045475216	1827	221	10774	298	0.859764705882353	0.89208984375	0.875629043853343	0.020100045475216	0	0	13120	0	NA	NA	NA	0.0
40	20	10	0.001999	0.16334	0.0	0.0	0010	sieve	candidate_snvs	none_univ	mt	exc_cnv	/home/kang/research/SIEVE_benchmark_pipeline_04_02/benchmark_results/simulated_data/results/snv_cell_names	/home/kang/research/SIEVE_benchmark_pipeline_04_02/benchmark_results/sieve/from_candidate/variant_calling/mt/exc_cnv/none_univ/0010/sieve_median.cell_names	/home/kang/research/SIEVE_benchmark_pipeline_04_02/benchmark_results/sieve/from_candidate/variant_calling/mt/exc_cnv/none_univ/0010/sieve_median.loci_info	/home/kang/research/SIEVE_benchmark_pipeline_04_02/benchmark_results/simulated_data/results/ado_state_dir/ado_states.0010	/home/kang/research/SIEVE_benchmark_pipeline_04_02/benchmark_results/sieve/from_candidate/variant_calling/mt/exc_cnv/none_univ/0010/sieve_median.ado	1781	255	10927	317	0.8489037178265014	0.8747544204322201	0.8616352201257862	0.0228045072437846	1781	255	10927	317	0.8489037178265014	0.8747544204322201	0.8616352201257862	0.0228045072437846	0	0	13280	0	NA	NA	NA	0.0
40	20	10	0.001999	0.16334	0.0	0.0	0011	sieve	candidate_snvs	none_univ	mt	exc_cnv	/home/kang/research/SIEVE_benchmark_pipeline_04_02/benchmark_results/simulated_data/results/snv_cell_names	/home/kang/research/SIEVE_benchmark_pipeline_04_02/benchmark_results/sieve/from_candidate/variant_calling/mt/exc_cnv/none_univ/0011/sieve_mean.cell_names	/home/kang/research/SIEVE_benchmark_pipeline_04_02/benchmark_results/sieve/from_candidate/variant_calling/mt/exc_cnv/none_univ/0011/sieve_mean.loci_info	/home/kang/research/SIEVE_benchmark_pipeline_04_02/benchmark_results/simulated_data/results/ado_state_dir/ado_states.0011	/home/kang/research/SIEVE_benchmark_pipeline_04_02/benchmark_results/sieve/from_candidate/variant_calling/mt/exc_cnv/none_univ/0011/sieve_mean.ado	2074	245	12479	362	0.8513957307060755	0.894351013367831	0.8723449001051525	0.0192549512731845	2074	245	12479	362	0.8513957307060755	0.894351013367831	0.8723449001051525	0.0192549512731845	0	0	15160	0	NA	NA	NA	0.0
40	20	10	0.001999	0.16334	0.0	0.0	0012	sieve	candidate_snvs	none_univ	mt	exc_cnv	/home/kang/research/SIEVE_benchmark_pipeline_04_02/benchmark_results/simulated_data/results/snv_cell_names	/home/kang/research/SIEVE_benchmark_pipeline_04_02/benchmark_results/sieve/from_candidate/variant_calling/mt/exc_cnv/none_univ/0012/sieve_median.cell_names	/home/kang/research/SIEVE_benchmark_pipeline_04_02/benchmark_results/sieve/from_candidate/variant_calling/mt/exc_cnv/none_univ/0012/sieve_median.loci_info	/home/kang/research/SIEVE_benchmark_pipeline_04_02/benchmark_results/simulated_data/results/ado_state_dir/ado_states.0012	/home/kang/research/SIEVE_benchmark_pipeline_04_02/benchmark_results/sieve/from_candidate/variant_calling/mt/exc_cnv/none_univ/0012/sieve_median.ado	2059	255	12142	384	0.8428162095783872	0.8898012100259292	0.8656716417910447	0.020569492619182	2059	255	12142	384	0.8428162095783872	0.8898012100259292	0.8656716417910447	0.020569492619182	0	0	14840	0	NA	NA	NA	0.0
40	20	10	0.001999	0.16334	0.0	0.0	0013	sieve	candidate_snvs	none_univ	mt	exc_cnv	/home/kang/research/SIEVE_benchmark_pipeline_04_02/benchmark_results/simulated_data/results/snv_cell_names	/home/kang/research/SIEVE_benchmark_pipeline_04_02/benchmark_results/sieve/from_candidate/variant_calling/mt/exc_cnv/none_univ/0013/sieve_median.cell_names	/home/kang/research/SIEVE_benchmark_pipeline_04_02/benchmark_results/sieve/from_candidate/variant_calling/mt/exc_cnv/none_univ/0013/sieve_median.loci_info	/home/kang/research/SIEVE_benchmark_pipeline_04_02/benchmark_results/simulated_data/results/ado_state_dir/ado_states.0013	/home/kang/research/SIEVE_benchmark_pipeline_04_02/benchmark_results/sieve/from_candidate/variant_calling/mt/exc_cnv/none_univ/0013/sieve_median.ado	1453	193	8318	236	0.8602723505032563	0.8827460510328068	0.8713643178410794	0.0226765362472094	1453	193	8318	236	0.8602723505032563	0.8827460510328068	0.8713643178410794	0.0226765362472094	0	0	10200	0	NA	NA	NA	0.0
40	20	10	0.001999	0.16334	0.0	0.0	0014	sieve	candidate_snvs	none_univ	mt	exc_cnv	/home/kang/research/SIEVE_benchmark_pipeline_04_02/benchmark_results/simulated_data/results/snv_cell_names	/home/kang/research/SIEVE_benchmark_pipeline_04_02/benchmark_results/sieve/from_candidate/variant_calling/mt/exc_cnv/none_univ/0014/sieve_mode_gaussian.cell_names	/home/kang/research/SIEVE_benchmark_pipeline_04_02/benchmark_results/sieve/from_candidate/variant_calling/mt/exc_cnv/none_univ/0014/sieve_mode_gaussian.loci_info	/home/kang/research/SIEVE_benchmark_pipeline_04_02/benchmark_results/simulated_data/results/ado_state_dir/ado_states.0014	/home/kang/research/SIEVE_benchmark_pipeline_04_02/benchmark_results/sieve/from_candidate/variant_calling/mt/exc_cnv/none_univ/0014/sieve_mode_gaussian.ado	1985	228	11666	361	0.8461210571184996	0.8969724356077723	0.8708050010967319	0.0191693290734824	1985	228	11666	361	0.8461210571184996	0.8969724356077723	0.8708050010967319	0.0191693290734824	0	0	14240	0	NA	NA	NA	0.0
40	20	10	0.001999	0.16334	0.0	0.0	0015	sieve	candidate_snvs	none_univ	mt	exc_cnv	/home/kang/research/SIEVE_benchmark_pipeline_04_02/benchmark_results/simulated_data/results/snv_cell_names	/home/kang/research/SIEVE_benchmark_pipeline_04_02/benchmark_results/sieve/from_candidate/variant_calling/mt/exc_cnv/none_univ/0015/sieve_median.cell_names	/home/kang/research/SIEVE_benchmark_pipeline_04_02/benchmark_results/sieve/from_candidate/variant_calling/mt/exc_cnv/none_univ/0015/sieve_median.loci_info	/home/kang/research/SIEVE_benchmark_pipeline_04_02/benchmark_results/simulated_data/results/ado_state_dir/ado_states.0015	/home/kang/research/SIEVE_benchmark_pipeline_04_02/benchmark_results/sieve/from_candidate/variant_calling/mt/exc_cnv/none_univ/0015/sieve_median.ado	2014	274	11955	397	0.8353380340107839	0.8802447552447552	0.8572036603532666	0.0224057568075885	2014	274	11955	397	0.8353380340107839	0.8802447552447552	0.8572036603532666	0.0224057568075885	0	0	14640	0	NA	NA	NA	0.0
40	20	10	0.001999	0.16334	0.0	0.0	0016	sieve	candidate_snvs	none_univ	mt	exc_cnv	/home/kang/research/SIEVE_benchmark_pipeline_04_02/benchmark_results/simulated_data/results/snv_cell_names	/home/kang/research/SIEVE_benchmark_pipeline_04_02/benchmark_results/sieve/from_candidate/variant_calling/mt/exc_cnv/none_univ/0016/sieve_median.cell_names	/home/kang/research/SIEVE_benchmark_pipeline_04_02/benchmark_results/sieve/from_candidate/variant_calling/mt/exc_cnv/none_univ/0016/sieve_median.loci_info	/home/kang/research/SIEVE_benchmark_pipeline_04_02/benchmark_results/simulated_data/results/ado_state_dir/ado_states.0016	/home/kang/research/SIEVE_benchmark_pipeline_04_02/benchmark_results/sieve/from_candidate/variant_calling/mt/exc_cnv/none_univ/0016/sieve_median.ado	1392	198	8486	284	0.8305489260143198	0.8754716981132076	0.8524188609920391	0.0228005527406725	1392	198	8486	284	0.8305489260143198	0.8754716981132076	0.8524188609920391	0.0228005527406725	0	0	10360	0	NA	NA	NA	0.0
40	20	10	0.001999	0.16334	0.0	0.0	0017	sieve	candidate_snvs	none_univ	mt	exc_cnv	/home/kang/research/SIEVE_benchmark_pipeline_04_02/benchmark_results/simulated_data/results/snv_cell_names	/home/kang/research/SIEVE_benchmark_pipeline_04_02/benchmark_results/sieve/from_candidate/variant_calling/mt/exc_cnv/none_univ/0017/sieve_mode_gaussian.cell_names	/home/kang/research/SIEVE_benchmark_pipeline_04_02/benchmark_results/sieve/from_candidate/variant_calling/mt/exc_cnv/none_univ/0017/sieve_mode_gaussian.loci_info	/home/kang/research/SIEVE_benchmark_pipeline_04_02/benchmark_results/simulated_data/results/ado_state_dir/ado_states.0017	/home/kang/research/SIEVE_benchmark_pipeline_04_02/benchmark_results/sieve/from_candidate/variant_calling/mt/exc_cnv/none_univ/0017/sieve_mode_gaussian.ado	1994	262	12725	459	0.8128821850794945	0.8838652482269503	0.8468889360798472	0.0201740201740201	1994	262	12725	459	0.8128821850794945	0.8838652482269503	0.8468889360798472	0.0201740201740201	0	0	15440	0	NA	NA	NA	0.0
40	20	10	0.001999	0.16334	0.0	0.0	0018	sieve	candidate_snvs	none_univ	mt	exc_cnv	/home/kang/research/SIEVE_benchmark_pipeline_04_02/benchmark_results/simulated_data/results/snv_cell_names	/home/kang/research/SIEVE_benchmark_pipeline_04_02/benchmark_results/sieve/from_candidate/variant_calling/mt/exc_cnv/none_univ/0018/sieve_median.cell_names	/home/kang/research/SIEVE_benchmark_pipeline_04_02/benchmark_results/sieve/from_candidate/variant_calling/mt/exc_cnv/none_univ/0018/sieve_median.loci_info	/home/kang/research/SIEVE_benchmark_pipeline_04_02/benchmark_results/simulated_data/results/ado_state_dir/ado_states.0018	/home/kang/research/SIEVE_benchmark_pipeline_04_02/benchmark_results/sieve/from_candidate/variant_calling/mt/exc_cnv/none_univ/0018/sieve_median.ado	1651	188	10132	309	0.8423469387755103	0.8977705274605764	0.869176098973414	0.0182170542635658	1651	188	10132	309	0.8423469387755103	0.8977705274605764	0.869176098973414	0.0182170542635658	0	0	12280	0	NA	NA	NA	0.0
40	20	10	0.001999	0.16334	0.0	0.0	0019	sieve	candidate_snvs	none_univ	mt	exc_cnv	/home/kang/research/SIEVE_benchmark_pipeline_04_02/benchmark_results/simulated_data/results/snv_cell_names	/home/kang/research/SIEVE_benchmark_pipeline_04_02/benchmark_results/sieve/from_candidate/variant_calling/mt/exc_cnv/none_univ/0019/sieve_mean.cell_names	/home/kang/research/SIEVE_benchmark_pipeline_04_02/benchmark_results/sieve/from_candidate/variant_calling/mt/exc_cnv/none_univ/0019/sieve_mean.loci_info	/home/kang/research/SIEVE_benchmark_pipeline_04_02/benchmark_results/simulated_data/results/ado_state_dir/ado_states.0019	/home/kang/research/SIEVE_benchmark_pipeline_04_02/benchmark_results/sieve/from_candidate/variant_calling/mt/exc_cnv/none_univ/0019/sieve_mean.ado	1824	255	10252	309	0.8551336146272855	0.8773448773448773	0.866096866096866	0.0242695345959836	1824	255	10252	309	0.8551336146272855	0.8773448773448773	0.866096866096866	0.0242695345959836	0	0	12640	0	NA	NA	NA	0.0
40	20	10	0.001999	0.16334	0.0	0.0	0020	sieve	candidate_snvs	none_univ	mt	exc_cnv	/home/kang/research/SIEVE_benchmark_pipeline_04_02/benchmark_results/simulated_data/results/snv_cell_names	/home/kang/research/SIEVE_benchmark_pipeline_04_02/benchmark_results/sieve/from_candidate/variant_calling/mt/exc_cnv/none_univ/0020/sieve_mean.cell_names	/home/kang/research/SIEVE_benchmark_pipeline_04_02/benchmark_results/sieve/from_candidate/variant_calling/mt/exc_cnv/none_univ/0020/sieve_mean.loci_info	/home/kang/research/SIEVE_benchmark_pipeline_04_02/benchmark_results/simulated_data/results/ado_state_dir/ado_states.0020	/home/kang/research/SIEVE_benchmark_pipeline_04_02/benchmark_results/sieve/from_candidate/variant_calling/mt/exc_cnv/none_univ/0020/sieve_mean.ado	1478	167	8712	283	0.8392958546280522	0.8984802431610942	0.8678802113916617	0.0188084243721139	1478	167	8712	283	0.8392958546280522	0.8984802431610942	0.8678802113916617	0.0188084243721139	0	0	10640	0	NA	NA	NA	0.0
40	20	10	0.001999	0.16334	0.0	0.0	0001	sieve	candidate_snvs	none_univ	mt	inc_cnv	/home/kang/research/SIEVE_benchmark_pipeline_04_02/benchmark_results/simulated_data/results/snv_cell_names	/home/kang/research/SIEVE_benchmark_pipeline_04_02/benchmark_results/sieve/from_candidate/variant_calling/mt/inc_cnv/none_univ/0001/sieve_mode_gaussian.cell_names	/home/kang/research/SIEVE_benchmark_pipeline_04_02/benchmark_results/sieve/from_candidate/variant_calling/mt/inc_cnv/none_univ/0001/sieve_mode_gaussian.loci_info	/home/kang/research/SIEVE_benchmark_pipeline_04_02/benchmark_results/simulated_data/results/ado_state_dir/ado_states.0001	/home/kang/research/SIEVE_benchmark_pipeline_04_02/benchmark_results/sieve/from_candidate/variant_calling/mt/inc_cnv/none_univ/0001/sieve_mode_gaussian.ado	1084	731	30509	5076	0.1759740259740259	0.5972451790633608	0.2718495297805642	0.0233994878361075	1084	731	30509	5076	0.1759740259740259	0.5972451790633608	0.2718495297805642	0.0233994878361075	0	0	37400	0	NA	NA	NA	0.0
40	20	10	0.001999	0.16334	0.0	0.0	0002	sieve	candidate_snvs	none_univ	mt	inc_cnv	/home/kang/research/SIEVE_benchmark_pipeline_04_02/benchmark_results/simulated_data/results/snv_cell_names	/home/kang/research/SIEVE_benchmark_pipeline_04_02/benchmark_results/sieve/from_candidate/variant_calling/mt/inc_cnv/none_univ/0002/sieve_median.cell_names	/home/kang/research/SIEVE_benchmark_pipeline_04_02/benchmark_results/sieve/from_candidate/variant_calling/mt/inc_cnv/none_univ/0002/sieve_median.loci_info	/home/kang/research/SIEVE_benchmark_pipeline_04_02/benchmark_results/simulated_data/results/ado_state_dir/ado_states.0002	/home/kang/research/SIEVE_benchmark_pipeline_04_02/benchmark_results/sieve/from_candidate/variant_calling/mt/inc_cnv/none_univ/0002/sieve_median.ado	49	84	25411	4856	0.0099898063200815	0.3684210526315789	0.019452163556967	0.0032947636791527	49	84	25411	4856	0.0099898063200815	0.3684210526315789	0.019452163556967	0.0032947636791527	0	0	30400	0	NA	NA	NA	0.0
40	20	10	0.001999	0.16334	0.0	0.0	0003	sieve	candidate_snvs	none_univ	mt	inc_cnv	/home/kang/research/SIEVE_benchmark_pipeline_04_02/benchmark_results/simulated_data/results/snv_cell_names	/home/kang/research/SIEVE_benchmark_pipeline_04_02/benchmark_results/sieve/from_candidate/variant_calling/mt/inc_cnv/none_univ/0003/sieve_mode_gaussian.cell_names	/home/kang/research/SIEVE_benchmark_pipeline_04_02/benchmark_results/sieve/from_candidate/variant_calling/mt/inc_cnv/none_univ/0003/sieve_mode_gaussian.loci_info	/home/kang/research/SIEVE_benchmark_pipeline_04_02/benchmark_results/simulated_data/results/ado_state_dir/ado_states.0003	/home/kang/research/SIEVE_benchmark_pipeline_04_02/benchmark_results/sieve/from_candidate/variant_calling/mt/inc_cnv/none_univ/0003/sieve_mode_gaussian.ado	174	354	26877	5075	0.0331491712707182	0.3295454545454545	0.0602388783105418	0.0129998898314421	174	354	26877	5075	0.0331491712707182	0.3295454545454545	0.0602388783105418	0.0129998898314421	0	0	32480	0	NA	NA	NA	0.0
40	20	10	0.001999	0.16334	0.0	0.0	0004	sieve	candidate_snvs	none_univ	mt	inc_cnv	/home/kang/research/SIEVE_benchmark_pipeline_04_02/benchmark_results/simulated_data/results/snv_cell_names	/home/kang/research/SIEVE_benchmark_pipeline_04_02/benchmark_results/sieve/from_candidate/variant_calling/mt/inc_cnv/none_univ/0004/sieve_median.cell_names	/home/kang/research/SIEVE_benchmark_pipeline_04_02/benchmark_results/sieve/from_candidate/variant_calling/mt/inc_cnv/none_univ/0004/sieve_median.loci_info	/home/kang/research/SIEVE_benchmark_pipeline_04_02/benchmark_results/simulated_data/results/ado_state_dir/ado_states.0004	/home/kang/research/SIEVE_benchmark_pipeline_04_02/benchmark_results/sieve/from_candidate/variant_calling/mt/inc_cnv/none_univ/0004/sieve_median.ado	1144	867	29041	4548	0.2009838369641602	0.5688712083540527	0.2970271322861222	0.0289888992911595	1144	867	29041	4548	0.2009838369641602	0.5688712083540527	0.2970271322861222	0.0289888992911595	0	0	35600	0	NA	NA	NA	0.0
40	20	10	0.001999	0.16334	0.0	0.0	0005	sieve	candidate_snvs	none_univ	mt	inc_cnv	/home/kang/research/SIEVE_benchmark_pipeline_04_02/benchmark_results/simulated_data/results/snv_cell_names	/home/kang/research/SIEVE_benchmark_pipeline_04_02/benchmark_results/sieve/from_candidate/variant_calling/mt/inc_cnv/none_univ/0005/sieve_median.cell_names	/home/kang/research/SIEVE_benchmark_pipeline_04_02/benchmark_results/sieve/from_candidate/variant_calling/mt/inc_cnv/none_univ/0005/sieve_median.loci_info	/home/kang/research/SIEVE_benchmark_pipeline_04_02/benchmark_results/simulated_data/results/ado_state_dir/ado_states.0005	/home/kang/research/SIEVE_benchmark_pipeline_04_02/benchmark_results/sieve/from_candidate/variant_calling/mt/inc_cnv/none_univ/0005/sieve_median.ado	1068	763	27294	4355	0.1969389636732436	0.5832878208629164	0.2944582299421009	0.0271946394839077	1068	763	27294	4355	0.1969389636732436	0.5832878208629164	0.2944582299421009	0.0271946394839077	0	0	33480	0	NA	NA	NA	0.0
40	20	10	0.001999	0.16334	0.0	0.0	0006	sieve	candidate_snvs	none_univ	mt	inc_cnv	/home/kang/research/SIEVE_benchmark_pipeline_04_02/benchmark_results/simulated_data/results/snv_cell_names	/home/kang/research/SIEVE_benchmark_pipeline_04_02/benchmark_results/sieve/from_candidate/variant_calling/mt/inc_cnv/none_univ/0006/sieve_median.cell_names	/home/kang/research/SIEVE_benchmark_pipeline_04_02/benchmark_results/sieve/from_candidate/variant_calling/mt/inc_cnv/none_univ/0006/sieve_median.loci_info	/home/kang/research/SIEVE_benchmark_pipeline_04_02/benchmark_results/simulated_data/results/ado_state_dir/ado_states.0006	/home/kang/research/SIEVE_benchmark_pipeline_04_02/benchmark_results/sieve/from_candidate/variant_calling/mt/inc_cnv/none_univ/0006/sieve_median.ado	894	651	30166	5049	0.1504290762241292	0.5786407766990291	0.2387820512820513	0.0211247038971995	894	651	30166	5049	0.1504290762241292	0.5786407766990291	0.2387820512820513	0.0211247038971995	0	0	36760	0	NA	NA	NA	0.0
40	20	10	0.001999	0.16334	0.0	0.0	0007	sieve	candidate_snvs	none_univ	mt	inc_cnv	/home/kang/research/SIEVE_benchmark_pipeline_04_02/benchmark_results/simulated_data/results/snv_cell_names	/home/kang/research/SIEVE_benchmark_pipeline_04_02/benchmark_results/sieve/from_candidate/variant_calling/mt/inc_cnv/none_univ/0007/sieve_mode_gaussian.cell_names	/home/kang/research/SIEVE_benchmark_pipeline_04_02/benchmark_results/sieve/from_candidate/variant_calling/mt/inc_cnv/none_univ/0007/sieve_mode_gaussian.loci_info	/home/kang/research/SIEVE_benchmark_pipeline_04_02/benchmark_results/simulated_data/results/ado_state_dir/ado_states.0007	/home/kang/research/SIEVE_benchmark_pipeline_04_02/benchmark_results/sieve/from_candidate/variant_calling/mt/inc_cnv/none_univ/0007/sieve_mode_gaussian.ado	883	695	26723	4459	0.1652938974166978	0.5595690747782003	0.2552023121387283	0.0253483113283244	883	695	26723	4459	0.1652938974166978	0.5595690747782003	0.2552023121387283	0.0253483113283244	0	0	32760	0	NA	NA	NA	0.0
40	20	10	0.001999	0.16334	0.0	0.0	0008	sieve	candidate_snvs	none_univ	mt	inc_cnv	/home/kang/research/SIEVE_benchmark_pipeline_04_02/benchmark_results/simulated_data/results/snv_cell_names	/home/kang/research/SIEVE_benchmark_pipeline_04_02/benchmark_results/sieve/from_candidate/variant_calling/mt/inc_cnv/none_univ/0008/sieve_median.cell_names	/home/kang/research/SIEVE_benchmark_pipeline_04_02/benchmark_results/sieve/from_candidate/variant_calling/mt/inc_cnv/none_univ/0008/sieve_median.loci_info	/home/kang/research/SIEVE_benchmark_pipeline_04_02/benchmark_results/simulated_data/results/ado_state_dir/ado_states.0008	/home/kang/research/SIEVE_benchmark_pipeline_04_02/benchmark_results/sieve/from_candidate/variant_calling/mt/inc_cnv/none_univ/0008/sieve_median.ado	638	553	29760	5209	0.1091157858730973	0.5356842989084802	0.1813015061096902	0.0182429980536403	638	553	29760	5209	0.1091157858730973	0.5356842989084802	0.1813015061096902	0.0182429980536403	0	0	36160	0	NA	NA	NA	0.0
40	20	10	0.001999	0.16334	0.0	0.0	0009	sieve	candidate_snvs	none_univ	mt	inc_cnv	/home/kang/research/SIEVE_benchmark_pipeline_04_02/benchmark_results/simulated_data/results/snv_cell_names	/home/kang/research/SIEVE_benchmark_pipeline_04_02/benchmark_results/sieve/from_candidate/variant_calling/mt/inc_cnv/none_univ/0009/sieve_mode_gaussian.cell_names	/home/kang/research/SIEVE_benchmark_pipeline_04_02/benchmark_results/sieve/from_candidate/variant_calling/mt/inc_cnv/none_univ/0009/sieve_mode_gaussian.loci_info	/home/kang/research/SIEVE_benchmark_pipeline_04_02/benchmark_results/simulated_data/results/ado_state_dir/ado_states.0009	/home/kang/research/SIEVE_benchmark_pipeline_04_02/benchmark_results/sieve/from_candidate/variant_calling/mt/inc_cnv/none_univ/0009/sieve_mode_gaussian.ado	1178	752	27712	4238	0.2175036927621861	0.6103626943005181	0.3207187585080315	0.0264193367060146	1178	752	27712	4238	0.2175036927621861	0.6103626943005181	0.3207187585080315	0.0264193367060146	0	0	33880	0	NA	NA	NA	0.0
40	20	10	0.001999	0.16334	0.0	0.0	0010	sieve	candidate_snvs	none_univ	mt	inc_cnv	/home/kang/research/SIEVE_benchmark_pipeline_04_02/benchmark_results/simulated_data/results/snv_cell_names	/home/kang/research/SIEVE_benchmark_pipeline_04_02/benchmark_results/sieve/from_candidate/variant_calling/mt/inc_cnv/none_univ/0010/sieve_median.cell_names	/home/kang/research/SIEVE_benchmark_pipeline_04_02/benchmark_results/sieve/from_candidate/variant_calling/mt/inc_cnv/none_univ/0010/sieve_median.loci_info	/home/kang/research/SIEVE_benchmark_pipeline_04_02/benchmark_results/simulated_data/results/ado_state_dir/ado_states.0010	/home/kang/research/SIEVE_benchmark_pipeline_04_02/benchmark_results/sieve/from_candidate/variant_calling/mt/inc_cnv/none_univ/0010/sieve_median.ado	186	316	30905	5993	0.0301019582456708	0.3705179282868526	0.0556802873821284	0.0101213926523814	186	316	30905	5993	0.0301019582456708	0.3705179282868526	0.0556802873821284	0.0101213926523814	0	0	37400	0	NA	NA	NA	0.0
40	20	10	0.001999	0.16334	0.0	0.0	0011	sieve	candidate_snvs	none_univ	mt	inc_cnv	/home/kang/research/SIEVE_benchmark_pipeline_04_02/benchmark_results/simulated_data/results/snv_cell_names	/home/kang/research/SIEVE_benchmark_pipeline_04_02/benchmark_results/sieve/from_candidate/variant_calling/mt/inc_cnv/none_univ/0011/sieve_mode_gaussian.cell_names	/home/kang/research/SIEVE_benchmark_pipeline_04_02/benchmark_results/sieve/from_candidate/variant_calling/mt/inc_cnv/none_univ/0011/sieve_mode_gaussian.loci_info	/home/kang/research/SIEVE_benchmark_pipeline_04_02/benchmark_results/simulated_data/results/ado_state_dir/ado_states.0011	/home/kang/research/SIEVE_benchmark_pipeline_04_02/benchmark_results/sieve/from_candidate/variant_calling/mt/inc_cnv/none_univ/0011/sieve_mode_gaussian.ado	1323	1054	35051	5492	0.1941305942773294	0.5565839293226756	0.2878590078328982	0.0291926325993629	1323	1054	35051	5492	0.1941305942773294	0.5565839293226756	0.2878590078328982	0.0291926325993629	0	0	42920	0	NA	NA	NA	0.0
40	20	10	0.001999	0.16334	0.0	0.0	0012	sieve	candidate_snvs	none_univ	mt	inc_cnv	/home/kang/research/SIEVE_benchmark_pipeline_04_02/benchmark_results/simulated_data/results/snv_cell_names	/home/kang/research/SIEVE_benchmark_pipeline_04_02/benchmark_results/sieve/from_candidate/variant_calling/mt/inc_cnv/none_univ/0012/sieve_median.cell_names	/home/kang/research/SIEVE_benchmark_pipeline_04_02/benchmark_results/sieve/from_candidate/variant_calling/mt/inc_cnv/none_univ/0012/sieve_median.loci_info	/home/kang/research/SIEVE_benchmark_pipeline_04_02/benchmark_results/simulated_data/results/ado_state_dir/ado_states.0012	/home/kang/research/SIEVE_benchmark_pipeline_04_02/benchmark_results/sieve/from_candidate/variant_calling/mt/inc_cnv/none_univ/0012/sieve_median.ado	806	819	33650	5885	0.1204603198326109	0.496	0.1938431938431938	0.0237604804316922	806	819	33650	5885	0.1204603198326109	0.496	0.1938431938431938	0.0237604804316922	0	0	41160	0	NA	NA	NA	0.0
40	20	10	0.001999	0.16334	0.0	0.0	0013	sieve	candidate_snvs	none_univ	mt	inc_cnv	/home/kang/research/SIEVE_benchmark_pipeline_04_02/benchmark_results/simulated_data/results/snv_cell_names	/home/kang/research/SIEVE_benchmark_pipeline_04_02/benchmark_results/sieve/from_candidate/variant_calling/mt/inc_cnv/none_univ/0013/sieve_mode_gaussian.cell_names	/home/kang/research/SIEVE_benchmark_pipeline_04_02/benchmark_results/sieve/from_candidate/variant_calling/mt/inc_cnv/none_univ/0013/sieve_mode_gaussian.loci_info	/home/kang/research/SIEVE_benchmark_pipeline_04_02/benchmark_results/simulated_data/results/ado_state_dir/ado_states.0013	/home/kang/research/SIEVE_benchmark_pipeline_04_02/benchmark_results/sieve/from_candidate/variant_calling/mt/inc_cnv/none_univ/0013/sieve_mode_gaussian.ado	184	422	24001	4633	0.038198048577953	0.3036303630363036	0.0678591185690577	0.0172787945788805	184	422	24001	4633	0.038198048577953	0.3036303630363036	0.0678591185690577	0.0172787945788805	0	0	29240	0	NA	NA	NA	0.0
40	20	10	0.001999	0.16334	0.0	0.0	0014	sieve	candidate_snvs	none_univ	mt	inc_cnv	/home/kang/research/SIEVE_benchmark_pipeline_04_02/benchmark_results/simulated_data/results/snv_cell_names	/home/kang/research/SIEVE_benchmark_pipeline_04_02/benchmark_results/sieve/from_candidate/variant_calling/mt/inc_cnv/none_univ/0014/sieve_median.cell_names	/home/kang/research/SIEVE_benchmark_pipeline_04_02/benchmark_results/sieve/from_candidate/variant_calling/mt/inc_cnv/none_univ/0014/sieve_median.loci_info	/home/kang/research/SIEVE_benchmark_pipeline_04_02/benchmark_results/simulated_data/results/ado_state_dir/ado_states.0014	/home/kang/research/SIEVE_benchmark_pipeline_04_02/benchmark_results/sieve/from_candidate/variant_calling/mt/inc_cnv/none_univ/0014/sieve_median.ado	761	593	28978	5068	0.1305541259221135	0.5620384047267356	0.211889182792705	0.0200534307260491	761	593	28978	5068	0.1305541259221135	0.5620384047267356	0.211889182792705	0.0200534307260491	0	0	35400	0	NA	NA	NA	0.0
40	20	10	0.001999	0.16334	0.0	0.0	0015	sieve	candidate_snvs	none_univ	mt	inc_cnv	/home/kang/research/SIEVE_benchmark_pipeline_04_02/benchmark_results/simulated_data/results/snv_cell_names	/home/kang/research/SIEVE_benchmark_pipeline_04_02/benchmark_results/sieve/from_candidate/variant_calling/mt/inc_cnv/none_univ/0015/sieve_median.cell_names	/home/kang/research/SIEVE_benchmark_pipeline_04_02/benchmark_results/sieve/from_candidate/variant_calling/mt/inc_cnv/none_univ/0015/sieve_median.loci_info	/home/kang/research/SIEVE_benchmark_pipeline_04_02/benchmark_results/simulated_data/results/ado_state_dir/ado_states.0015	/home/kang/research/SIEVE_benchmark_pipeline_04_02/benchmark_results/sieve/from_candidate/variant_calling/mt/inc_cnv/none_univ/0015/sieve_median.ado	891	673	31954	5522	0.1389365351629502	0.569693094629156	0.2233922527265889	0.0206270879946056	891	673	31954	5522	0.1389365351629502	0.569693094629156	0.2233922527265889	0.0206270879946056	0	0	39040	0	NA	NA	NA	0.0
40	20	10	0.001999	0.16334	0.0	0.0	0016	sieve	candidate_snvs	none_univ	mt	inc_cnv	/home/kang/research/SIEVE_benchmark_pipeline_04_02/benchmark_results/simulated_data/results/snv_cell_names	/home/kang/research/SIEVE_benchmark_pipeline_04_02/benchmark_results/sieve/from_candidate/variant_calling/mt/inc_cnv/none_univ/0016/sieve_median.cell_names	/home/kang/research/SIEVE_benchmark_pipeline_04_02/benchmark_results/sieve/from_candidate/variant_calling/mt/inc_cnv/none_univ/0016/sieve_median.loci_info	/home/kang/research/SIEVE_benchmark_pipeline_04_02/benchmark_results/simulated_data/results/ado_state_dir/ado_states.0016	/home/kang/research/SIEVE_benchmark_pipeline_04_02/benchmark_results/sieve/from_candidate/variant_calling/mt/inc_cnv/none_univ/0016/sieve_median.ado	155	168	23505	4452	0.0336444540915997	0.479876160990712	0.0628803245436105	0.0070966924344189	155	168	23505	4452	0.0336444540915997	0.479876160990712	0.0628803245436105	0.0070966924344189	0	0	28280	0	NA	NA	NA	0.0
40	20	10	0.001999	0.16334	0.0	0.0	0017	sieve	candidate_snvs	none_univ	mt	inc_cnv	/home/kang/research/SIEVE_benchmark_pipeline_04_02/benchmark_results/simulated_data/results/snv_cell_names	/home/kang/research/SIEVE_benchmark_pipeline_04_02/benchmark_results/sieve/from_candidate/variant_calling/mt/inc_cnv/none_univ/0017/sieve_mode_gaussian.cell_names	/home/kang/research/SIEVE_benchmark_pipeline_04_02/benchmark_results/sieve/from_candidate/variant_calling/mt/inc_cnv/none_univ/0017/sieve_mode_gaussian.loci_info	/home/kang/research/SIEVE_benchmark_pipeline_04_02/benchmark_results/simulated_data/results/ado_state_dir/ado_states.0017	/home/kang/research/SIEVE_benchmark_pipeline_04_02/benchmark_results/sieve/from_candidate/variant_calling/mt/inc_cnv/none_univ/0017/sieve_mode_gaussian.ado	586	741	31623	5690	0.0933715742511153	0.4415975885455915	0.1541496777587794	0.0228958101594364	586	741	31623	5690	0.0933715742511153	0.4415975885455915	0.1541496777587794	0.0228958101594364	0	0	38640	0	NA	NA	NA	0.0
40	20	10	0.001999	0.16334	0.0	0.0	0018	sieve	candidate_snvs	none_univ	mt	inc_cnv	/home/kang/research/SIEVE_benchmark_pipeline_04_02/benchmark_results/simulated_data/results/snv_cell_names	/home/kang/research/SIEVE_benchmark_pipeline_04_02/benchmark_results/sieve/from_candidate/variant_calling/mt/inc_cnv/none_univ/0018/sieve_median.cell_names	/home/kang/research/SIEVE_benchmark_pipeline_04_02/benchmark_results/sieve/from_candidate/variant_calling/mt/inc_cnv/none_univ/0018/sieve_median.loci_info	/home/kang/research/SIEVE_benchmark_pipeline_04_02/benchmark_results/simulated_data/results/ado_state_dir/ado_states.0018	/home/kang/research/SIEVE_benchmark_pipeline_04_02/benchmark_results/sieve/from_candidate/variant_calling/mt/inc_cnv/none_univ/0018/sieve_median.ado	846	738	27585	4631	0.1544641226949059	0.5340909090909091	0.2396261152811216	0.0260565618048935	846	738	27585	4631	0.1544641226949059	0.5340909090909091	0.2396261152811216	0.0260565618048935	0	0	33800	0	NA	NA	NA	0.0
40	20	10	0.001999	0.16334	0.0	0.0	0019	sieve	candidate_snvs	none_univ	mt	inc_cnv	/home/kang/research/SIEVE_benchmark_pipeline_04_02/benchmark_results/simulated_data/results/snv_cell_names	/home/kang/research/SIEVE_benchmark_pipeline_04_02/benchmark_results/sieve/from_candidate/variant_calling/mt/inc_cnv/none_univ/0019/sieve_mode_gaussian.cell_names	/home/kang/research/SIEVE_benchmark_pipeline_04_02/benchmark_results/sieve/from_candidate/variant_calling/mt/inc_cnv/none_univ/0019/sieve_mode_gaussian.loci_info	/home/kang/research/SIEVE_benchmark_pipeline_04_02/benchmark_results/simulated_data/results/ado_state_dir/ado_states.0019	/home/kang/research/SIEVE_benchmark_pipeline_04_02/benchmark_results/sieve/from_candidate/variant_calling/mt/inc_cnv/none_univ/0019/sieve_mode_gaussian.ado	690	656	28089	4885	0.1237668161434977	0.512630014858841	0.1993931512787169	0.0228213602365628	690	656	28089	4885	0.1237668161434977	0.512630014858841	0.1993931512787169	0.0228213602365628	0	0	34320	0	NA	NA	NA	0.0
40	20	10	0.001999	0.16334	0.0	0.0	0020	sieve	candidate_snvs	none_univ	mt	inc_cnv	/home/kang/research/SIEVE_benchmark_pipeline_04_02/benchmark_results/simulated_data/results/snv_cell_names	/home/kang/research/SIEVE_benchmark_pipeline_04_02/benchmark_results/sieve/from_candidate/variant_calling/mt/inc_cnv/none_univ/0020/sieve_median.cell_names	/home/kang/research/SIEVE_benchmark_pipeline_04_02/benchmark_results/sieve/from_candidate/variant_calling/mt/inc_cnv/none_univ/0020/sieve_median.loci_info	/home/kang/research/SIEVE_benchmark_pipeline_04_02/benchmark_results/simulated_data/results/ado_state_dir/ado_states.0020	/home/kang/research/SIEVE_benchmark_pipeline_04_02/benchmark_results/sieve/from_candidate/variant_calling/mt/inc_cnv/none_univ/0020/sieve_median.ado	924	490	24852	4134	0.1826809015421115	0.6534653465346535	0.2855377008652657	0.0193354904900954	924	490	24852	4134	0.1826809015421115	0.6534653465346535	0.2855377008652657	0.0193354904900954	0	0	30400	0	NA	NA	NA	0.0
40	20	10	0.001999	0.16334	0.0	0.0	0001	sieve	candidate_snvs	none_univ-fels_fixed_2	mt	exc_cnv	/home/kang/research/SIEVE_benchmark_pipeline_04_02/benchmark_results/simulated_data/results/snv_cell_names	/home/kang/research/SIEVE_benchmark_pipeline_04_02/benchmark_results/sieve/from_candidate/variant_calling/stage2/mt/exc_cnv/none_univ-fels_fixed_2/0001/sieve_median.cell_names	/home/kang/research/SIEVE_benchmark_pipeline_04_02/benchmark_results/sieve/from_candidate/variant_calling/stage2/mt/exc_cnv/none_univ-fels_fixed_2/0001/sieve_median.loci_info	/home/kang/research/SIEVE_benchmark_pipeline_04_02/benchmark_results/simulated_data/results/ado_state_dir/ado_states.0001	/home/kang/research/SIEVE_benchmark_pipeline_04_02/benchmark_results/sieve/from_candidate/variant_calling/stage2/mt/exc_cnv/none_univ-fels_fixed_2/0001/sieve_median.ado	1938	223	11346	373	0.8385980095196884	0.8968070337806571	0.8667262969588551	0.0192756504451551	1938	223	11346	373	0.8385980095196884	0.8968070337806571	0.8667262969588551	0.0192756504451551	0	0	13880	0	NA	NA	NA	0.0
40	20	10	0.001999	0.16334	0.0	0.0	0002	sieve	candidate_snvs	none_univ-fels_fixed_2	mt	exc_cnv	/home/kang/research/SIEVE_benchmark_pipeline_04_02/benchmark_results/simulated_data/results/snv_cell_names	/home/kang/research/SIEVE_benchmark_pipeline_04_02/benchmark_results/sieve/from_candidate/variant_calling/stage2/mt/exc_cnv/none_univ-fels_fixed_2/0002/sieve_median.cell_names	/home/kang/research/SIEVE_benchmark_pipeline_04_02/benchmark_results/sieve/from_candidate/variant_calling/stage2/mt/exc_cnv/none_univ-fels_fixed_2/0002/sieve_median.loci_info	/home/kang/research/SIEVE_benchmark_pipeline_04_02/benchmark_results/simulated_data/results/ado_state_dir/ado_states.0002	/home/kang/research/SIEVE_benchmark_pipeline_04_02/benchmark_results/sieve/from_candidate/variant_calling/stage2/mt/exc_cnv/none_univ-fels_fixed_2/0002/sieve_median.ado	1425	183	8697	255	0.8482142857142857	0.8861940298507462	0.8667883211678832	0.0206081081081081	1425	183	8697	255	0.8482142857142857	0.8861940298507462	0.8667883211678832	0.0206081081081081	0	0	10560	0	NA	NA	NA	0.0
40	20	10	0.001999	0.16334	0.0	0.0	0003	sieve	candidate_snvs	none_univ-fels_fixed_2	mt	exc_cnv	/home/kang/research/SIEVE_benchmark_pipeline_04_02/benchmark_results/simulated_data/results/snv_cell_names	/home/kang/research/SIEVE_benchmark_pipeline_04_02/benchmark_results/sieve/from_candidate/variant_calling/stage2/mt/exc_cnv/none_univ-fels_fixed_2/0003/sieve_median.cell_names	/home/kang/research/SIEVE_benchmark_pipeline_04_02/benchmark_results/sieve/from_candidate/variant_calling/stage2/mt/exc_cnv/none_univ-fels_fixed_2/0003/sieve_median.loci_info	/home/kang/research/SIEVE_benchmark_pipeline_04_02/benchmark_results/simulated_data/results/ado_state_dir/ado_states.0003	/home/kang/research/SIEVE_benchmark_pipeline_04_02/benchmark_results/sieve/from_candidate/variant_calling/stage2/mt/exc_cnv/none_univ-fels_fixed_2/0003/sieve_median.ado	1600	234	9692	314	0.8359456635318704	0.8724100327153762	0.8537886872998932	0.0235744509369333	1600	234	9692	314	0.8359456635318704	0.8724100327153762	0.8537886872998932	0.0235744509369333	0	0	11840	0	NA	NA	NA	0.0
40	20	10	0.001999	0.16334	0.0	0.0	0004	sieve	candidate_snvs	none_univ-fels_fixed_2	mt	exc_cnv	/home/kang/research/SIEVE_benchmark_pipeline_04_02/benchmark_results/simulated_data/results/snv_cell_names	/home/kang/research/SIEVE_benchmark_pipeline_04_02/benchmark_results/sieve/from_candidate/variant_calling/stage2/mt/exc_cnv/none_univ-fels_fixed_2/0004/sieve_median.cell_names	/home/kang/research/SIEVE_benchmark_pipeline_04_02/benchmark_results/sieve/from_candidate/variant_calling/stage2/mt/exc_cnv/none_univ-fels_fixed_2/0004/sieve_median.loci_info	/home/kang/research/SIEVE_benchmark_pipeline_04_02/benchmark_results/simulated_data/results/ado_state_dir/ado_states.0004	/home/kang/research/SIEVE_benchmark_pipeline_04_02/benchmark_results/sieve/from_candidate/variant_calling/stage2/mt/exc_cnv/none_univ-fels_fixed_2/0004/sieve_median.ado	1783	215	10876	326	0.8454243717401612	0.8923923923923924	0.8682736790844898	0.0193850870074835	1783	215	10876	326	0.8454243717401612	0.8923923923923924	0.8682736790844898	0.0193850870074835	0	0	13200	0	NA	NA	NA	0.0
40	20	10	0.001999	0.16334	0.0	0.0	0005	sieve	candidate_snvs	none_univ-fels_fixed_2	mt	exc_cnv	/home/kang/research/SIEVE_benchmark_pipeline_04_02/benchmark_results/simulated_data/results/snv_cell_names	/home/kang/research/SIEVE_benchmark_pipeline_04_02/benchmark_results/sieve/from_candidate/variant_calling/stage2/mt/exc_cnv/none_univ-fels_fixed_2/0005/sieve_median.cell_names	/home/kang/research/SIEVE_benchmark_pipeline_04_02/benchmark_results/sieve/from_candidate/variant_calling/stage2/mt/exc_cnv/none_univ-fels_fixed_2/0005/sieve_median.loci_info	/home/kang/research/SIEVE_benchmark_pipeline_04_02/benchmark_results/simulated_data/results/ado_state_dir/ado_states.0005	/home/kang/research/SIEVE_benchmark_pipeline_04_02/benchmark_results/sieve/from_candidate/variant_calling/stage2/mt/exc_cnv/none_univ-fels_fixed_2/0005/sieve_median.ado	1653	223	9941	303	0.8450920245398773	0.8811300639658849	0.8627348643006263	0.0219401810310901	1653	223	9941	303	0.8450920245398773	0.8811300639658849	0.8627348643006263	0.0219401810310901	0	0	12120	0	NA	NA	NA	0.0
40	20	10	0.001999	0.16334	0.0	0.0	0006	sieve	candidate_snvs	none_univ-fels_fixed_2	mt	exc_cnv	/home/kang/research/SIEVE_benchmark_pipeline_04_02/benchmark_results/simulated_data/results/snv_cell_names	/home/kang/research/SIEVE_benchmark_pipeline_04_02/benchmark_results/sieve/from_candidate/variant_calling/stage2/mt/exc_cnv/none_univ-fels_fixed_2/0006/sieve_median.cell_names	/home/kang/research/SIEVE_benchmark_pipeline_04_02/benchmark_results/sieve/from_candidate/variant_calling/stage2/mt/exc_cnv/none_univ-fels_fixed_2/0006/sieve_median.loci_info	/home/kang/research/SIEVE_benchmark_pipeline_04_02/benchmark_results/simulated_data/results/ado_state_dir/ado_states.0006	/home/kang/research/SIEVE_benchmark_pipeline_04_02/benchmark_results/sieve/from_candidate/variant_calling/stage2/mt/exc_cnv/none_univ-fels_fixed_2/0006/sieve_median.ado	1843	231	11275	371	0.8324299909665763	0.8886210221793636	0.8596082089552238	0.020076481835564	1843	231	11275	371	0.8324299909665763	0.8886210221793636	0.8596082089552238	0.020076481835564	0	0	13720	0	NA	NA	NA	0.0
40	20	10	0.001999	0.16334	0.0	0.0	0007	sieve	candidate_snvs	none_univ-fels_fixed_2	mt	exc_cnv	/home/kang/research/SIEVE_benchmark_pipeline_04_02/benchmark_results/simulated_data/results/snv_cell_names	/home/kang/research/SIEVE_benchmark_pipeline_04_02/benchmark_results/sieve/from_candidate/variant_calling/stage2/mt/exc_cnv/none_univ-fels_fixed_2/0007/sieve_median.cell_names	/home/kang/research/SIEVE_benchmark_pipeline_04_02/benchmark_results/sieve/from_candidate/variant_calling/stage2/mt/exc_cnv/none_univ-fels_fixed_2/0007/sieve_median.loci_info	/home/kang/research/SIEVE_benchmark_pipeline_04_02/benchmark_results/simulated_data/results/ado_state_dir/ado_states.0007	/home/kang/research/SIEVE_benchmark_pipeline_04_02/benchmark_results/sieve/from_candidate/variant_calling/stage2/mt/exc_cnv/none_univ-fels_fixed_2/0007/sieve_median.ado	1526	215	9267	272	0.8487208008898777	0.8765077541642734	0.8623905057925967	0.0226745412360261	1526	215	9267	272	0.8487208008898777	0.8765077541642734	0.8623905057925967	0.0226745412360261	0	0	11280	0	NA	NA	NA	0.0
40	20	10	0.001999	0.16334	0.0	0.0	0008	sieve	candidate_snvs	none_univ-fels_fixed_2	mt	exc_cnv	/home/kang/research/SIEVE_benchmark_pipeline_04_02/benchmark_results/simulated_data/results/snv_cell_names	/home/kang/research/SIEVE_benchmark_pipeline_04_02/benchmark_results/sieve/from_candidate/variant_calling/stage2/mt/exc_cnv/none_univ-fels_fixed_2/0008/sieve_median.cell_names	/home/kang/research/SIEVE_benchmark_pipeline_04_02/benchmark_results/sieve/from_candidate/variant_calling/stage2/mt/exc_cnv/none_univ-fels_fixed_2/0008/sieve_median.loci_info	/home/kang/research/SIEVE_benchmark_pipeline_04_02/benchmark_results/simulated_data/results/ado_state_dir/ado_states.0008	/home/kang/research/SIEVE_benchmark_pipeline_04_02/benchmark_results/sieve/from_candidate/variant_calling/stage2/mt/exc_cnv/none_univ-fels_fixed_2/0008/sieve_median.ado	1809	268	11200	363	0.8328729281767956	0.8709677419354839	0.851494469286891	0.0233693756539937	1809	268	11200	363	0.8328729281767956	0.8709677419354839	0.851494469286891	0.0233693756539937	0	0	13640	0	NA	NA	NA	0.0
40	20	10	0.001999	0.16334	0.0	0.0	0009	sieve	candidate_snvs	none_univ-fels_fixed_2	mt	exc_cnv	/home/kang/research/SIEVE_benchmark_pipeline_04_02/benchmark_results/simulated_data/results/snv_cell_names	/home/kang/research/SIEVE_benchmark_pipeline_04_02/benchmark_results/sieve/from_candidate/variant_calling/stage2/mt/exc_cnv/none_univ-fels_fixed_2/0009/sieve_median.cell_names	/home/kang/research/SIEVE_benchmark_pipeline_04_02/benchmark_results/sieve/from_candidate/variant_calling/stage2/mt/exc_cnv/none_univ-fels_fixed_2/0009/sieve_median.loci_info	/home/kang/research/SIEVE_benchmark_pipeline_04_02/benchmark_results/simulated_data/results/ado_state_dir/ado_states.0009	/home/kang/research/SIEVE_benchmark_pipeline_04_02/benchmark_results/sieve/from_candidate/variant_calling/stage2/mt/exc_cnv/none_univ-fels_fixed_2/0009/sieve_median.ado	1827	222	10773	298	0.859764705882353	0.8916544655929722	0.8754192620987062	0.0201909959072305	1827	222	10773	298	0.859764705882353	0.8916544655929722	0.8754192620987062	0.0201909959072305	0	0	13120	0	NA	NA	NA	0.0
40	20	10	0.001999	0.16334	0.0	0.0	0010	sieve	candidate_snvs	none_univ-fels_fixed_2	mt	exc_cnv	/home/kang/research/SIEVE_benchmark_pipeline_04_02/benchmark_results/simulated_data/results/snv_cell_names	/home/kang/research/SIEVE_benchmark_pipeline_04_02/benchmark_results/sieve/from_candidate/variant_calling/stage2/mt/exc_cnv/none_univ-fels_fixed_2/0010/sieve_median.cell_names	/home/kang/research/SIEVE_benchmark_pipeline_04_02/benchmark_results/sieve/from_candidate/variant_calling/stage2/mt/exc_cnv/none_univ-fels_fixed_2/0010/sieve_median.loci_info	/home/kang/research/SIEVE_benchmark_pipeline_04_02/benchmark_results/simulated_data/results/ado_state_dir/ado_states.0010	/home/kang/research/SIEVE_benchmark_pipeline_04_02/benchmark_results/sieve/from_candidate/variant_calling/stage2/mt/exc_cnv/none_univ-fels_fixed_2/0010/sieve_median.ado	1782	255	10927	316	0.8493803622497617	0.8748159057437408	0.8619105199516324	0.0228045072437846	1782	255	10927	316	0.8493803622497617	0.8748159057437408	0.8619105199516324	0.0228045072437846	0	0	13280	0	NA	NA	NA	0.0
40	20	10	0.001999	0.16334	0.0	0.0	0011	sieve	candidate_snvs	none_univ-fels_fixed_2	mt	exc_cnv	/home/kang/research/SIEVE_benchmark_pipeline_04_02/benchmark_results/simulated_data/results/snv_cell_names	/home/kang/research/SIEVE_benchmark_pipeline_04_02/benchmark_results/sieve/from_candidate/variant_calling/stage2/mt/exc_cnv/none_univ-fels_fixed_2/0011/sieve_median.cell_names	/home/kang/research/SIEVE_benchmark_pipeline_04_02/benchmark_results/sieve/from_candidate/variant_calling/stage2/mt/exc_cnv/none_univ-fels_fixed_2/0011/sieve_median.loci_info	/home/kang/research/SIEVE_benchmark_pipeline_04_02/benchmark_results/simulated_data/results/ado_state_dir/ado_states.0011	/home/kang/research/SIEVE_benchmark_pipeline_04_02/benchmark_results/sieve/from_candidate/variant_calling/stage2/mt/exc_cnv/none_univ-fels_fixed_2/0011/sieve_median.ado	2076	245	12479	360	0.8522167487684729	0.8944420508401552	0.8728190035736809	0.0192549512731845	2076	245	12479	360	0.8522167487684729	0.8944420508401552	0.8728190035736809	0.0192549512731845	0	0	15160	0	NA	NA	NA	0.0
40	20	10	0.001999	0.16334	0.0	0.0	0012	sieve	candidate_snvs	none_univ-fels_fixed_2	mt	exc_cnv	/home/kang/research/SIEVE_benchmark_pipeline_04_02/benchmark_results/simulated_data/results/snv_cell_names	/home/kang/research/SIEVE_benchmark_pipeline_04_02/benchmark_results/sieve/from_candidate/variant_calling/stage2/mt/exc_cnv/none_univ-fels_fixed_2/0012/sieve_median.cell_names	/home/kang/research/SIEVE_benchmark_pipeline_04_02/benchmark_results/sieve/from_candidate/variant_calling/stage2/mt/exc_cnv/none_univ-fels_fixed_2/0012/sieve_median.loci_info	/home/kang/research/SIEVE_benchmark_pipeline_04_02/benchmark_results/simulated_data/results/ado_state_dir/ado_states.0012	/home/kang/research/SIEVE_benchmark_pipeline_04_02/benchmark_results/sieve/from_candidate/variant_calling/stage2/mt/exc_cnv/none_univ-fels_fixed_2/0012/sieve_median.ado	2059	254	12143	384	0.8428162095783872	0.890185905750108	0.8658536585365854	0.020488827942244	2059	254	12143	384	0.8428162095783872	0.890185905750108	0.8658536585365854	0.020488827942244	0	0	14840	0	NA	NA	NA	0.0
40	20	10	0.001999	0.16334	0.0	0.0	0013	sieve	candidate_snvs	none_univ-fels_fixed_2	mt	exc_cnv	/home/kang/research/SIEVE_benchmark_pipeline_04_02/benchmark_results/simulated_data/results/snv_cell_names	/home/kang/research/SIEVE_benchmark_pipeline_04_02/benchmark_results/sieve/from_candidate/variant_calling/stage2/mt/exc_cnv/none_univ-fels_fixed_2/0013/sieve_median.cell_names	/home/kang/research/SIEVE_benchmark_pipeline_04_02/benchmark_results/sieve/from_candidate/variant_calling/stage2/mt/exc_cnv/none_univ-fels_fixed_2/0013/sieve_median.loci_info	/home/kang/research/SIEVE_benchmark_pipeline_04_02/benchmark_results/simulated_data/results/ado_state_dir/ado_states.0013	/home/kang/research/SIEVE_benchmark_pipeline_04_02/benchmark_results/sieve/from_candidate/variant_calling/stage2/mt/exc_cnv/none_univ-fels_fixed_2/0013/sieve_median.ado	1453	194	8317	236	0.8602723505032563	0.8822100789313904	0.871103117505995	0.0227940312536717	1453	194	8317	236	0.8602723505032563	0.8822100789313904	0.871103117505995	0.0227940312536717	0	0	10200	0	NA	NA	NA	0.0
40	20	10	0.001999	0.16334	0.0	0.0	0014	sieve	candidate_snvs	none_univ-fels_fixed_2	mt	exc_cnv	/home/kang/research/SIEVE_benchmark_pipeline_04_02/benchmark_results/simulated_data/results/snv_cell_names	/home/kang/research/SIEVE_benchmark_pipeline_04_02/benchmark_results/sieve/from_candidate/variant_calling/stage2/mt/exc_cnv/none_univ-fels_fixed_2/0014/sieve_median.cell_names	/home/kang/research/SIEVE_benchmark_pipeline_04_02/benchmark_results/sieve/from_candidate/variant_calling/stage2/mt/exc_cnv/none_univ-fels_fixed_2/0014/sieve_median.loci_info	/home/kang/research/SIEVE_benchmark_pipeline_04_02/benchmark_results/simulated_data/results/ado_state_dir/ado_states.0014	/home/kang/research/SIEVE_benchmark_pipeline_04_02/benchmark_results/sieve/from_candidate/variant_calling/stage2/mt/exc_cnv/none_univ-fels_fixed_2/0014/sieve_median.ado	1986	228	11666	360	0.8465473145780051	0.8970189701897019	0.8710526315789473	0.0191693290734824	1986	228	11666	360	0.8465473145780051	0.8970189701897019	0.8710526315789473	0.0191693290734824	0	0	14240	0	NA	NA	NA	0.0
40	20	10	0.001999	0.16334	0.0	0.0	0015	sieve	candidate_snvs	none_univ-fels_fixed_2	mt	exc_cnv	/home/kang/research/SIEVE_benchmark_pipeline_04_02/benchmark_results/simulated_data/results/snv_cell_names	/home/kang/research/SIEVE_benchmark_pipeline_04_02/benchmark_results/sieve/from_candidate/variant_calling/stage2/mt/exc_cnv/none_univ-fels_fixed_2/0015/sieve_median.cell_names	/home/kang/research/SIEVE_benchmark_pipeline_04_02/benchmark_results/sieve/from_candidate/variant_calling/stage2/mt/exc_cnv/none_univ-fels_fixed_2/0015/sieve_median.loci_info	/home/kang/research/SIEVE_benchmark_pipeline_04_02/benchmark_results/simulated_data/results/ado_state_dir/ado_states.0015	/home/kang/research/SIEVE_benchmark_pipeline_04_02/benchmark_results/sieve/from_candidate/variant_calling/stage2/mt/exc_cnv/none_univ-fels_fixed_2/0015/sieve_median.ado	2014	276	11953	397	0.8353380340107839	0.879475982532751	0.8568389704318229	0.0225693024777169	2014	276	11953	397	0.8353380340107839	0.879475982532751	0.8568389704318229	0.0225693024777169	0	0	14640	0	NA	NA	NA	0.0
40	20	10	0.001999	0.16334	0.0	0.0	0016	sieve	candidate_snvs	none_univ-fels_fixed_2	mt	exc_cnv	/home/kang/research/SIEVE_benchmark_pipeline_04_02/benchmark_results/simulated_data/results/snv_cell_names	/home/kang/research/SIEVE_benchmark_pipeline_04_02/benchmark_results/sieve/from_candidate/variant_calling/stage2/mt/exc_cnv/none_univ-fels_fixed_2/0016/sieve_median.cell_names	/home/kang/research/SIEVE_benchmark_pipeline_04_02/benchmark_results/sieve/from_candidate/variant_calling/stage2/mt/exc_cnv/none_univ-fels_fixed_2/0016/sieve_median.loci_info	/home/kang/research/SIEVE_benchmark_pipeline_04_02/benchmark_results/simulated_data/results/ado_state_dir/ado_states.0016	/home/kang/research/SIEVE_benchmark_pipeline_04_02/benchmark_results/sieve/from_candidate/variant_calling/stage2/mt/exc_cnv/none_univ-fels_fixed_2/0016/sieve_median.ado	1393	198	8486	283	0.831145584725537	0.8755499685732244	0.8527701254973983	0.0228005527406725	1393	198	8486	283	0.831145584725537	0.8755499685732244	0.8527701254973983	0.0228005527406725	0	0	10360	0	NA	NA	NA	0.0
40	20	10	0.001999	0.16334	0.0	0.0	0017	sieve	candidate_snvs	none_univ-fels_fixed_2	mt	exc_cnv	/home/kang/research/SIEVE_benchmark_pipeline_04_02/benchmark_results/simulated_data/results/snv_cell_names	/home/kang/research/SIEVE_benchmark_pipeline_04_02/benchmark_results/sieve/from_candidate/variant_calling/stage2/mt/exc_cnv/none_univ-fels_fixed_2/0017/sieve_median.cell_names	/home/kang/research/SIEVE_benchmark_pipeline_04_02/benchmark_results/sieve/from_candidate/variant_calling/stage2/mt/exc_cnv/none_univ-fels_fixed_2/0017/sieve_median.loci_info	/home/kang/research/SIEVE_benchmark_pipeline_04_02/benchmark_results/simulated_data/results/ado_state_dir/ado_states.0017	/home/kang/research/SIEVE_benchmark_pipeline_04_02/benchmark_results/sieve/from_candidate/variant_calling/stage2/mt/exc_cnv/none_univ-fels_fixed_2/0017/sieve_median.ado	1994	261	12726	459	0.8128821850794945	0.8842572062084257	0.8470688190314358	0.02009702009702	1994	261	12726	459	0.8128821850794945	0.8842572062084257	0.8470688190314358	0.02009702009702	0	0	15440	0	NA	NA	NA	0.0
40	20	10	0.001999	0.16334	0.0	0.0	0018	sieve	candidate_snvs	none_univ-fels_fixed_2	mt	exc_cnv	/home/kang/research/SIEVE_benchmark_pipeline_04_02/benchmark_results/simulated_data/results/snv_cell_names	/home/kang/research/SIEVE_benchmark_pipeline_04_02/benchmark_results/sieve/from_candidate/variant_calling/stage2/mt/exc_cnv/none_univ-fels_fixed_2/0018/sieve_median.cell_names	/home/kang/research/SIEVE_benchmark_pipeline_04_02/benchmark_results/sieve/from_candidate/variant_calling/stage2/mt/exc_cnv/none_univ-fels_fixed_2/0018/sieve_median.loci_info	/home/kang/research/SIEVE_benchmark_pipeline_04_02/benchmark_results/simulated_data/results/ado_state_dir/ado_states.0018	/home/kang/research/SIEVE_benchmark_pipeline_04_02/benchmark_results/sieve/from_candidate/variant_calling/stage2/mt/exc_cnv/none_univ-fels_fixed_2/0018/sieve_median.ado	1651	187	10133	309	0.8423469387755103	0.8982589771490751	0.8694049499736703	0.0181201550387596	1651	187	10133	309	0.8423469387755103	0.8982589771490751	0.8694049499736703	0.0181201550387596	0	0	12280	0	NA	NA	NA	0.0
40	20	10	0.001999	0.16334	0.0	0.0	0019	sieve	candidate_snvs	none_univ-fels_fixed_2	mt	exc_cnv	/home/kang/research/SIEVE_benchmark_pipeline_04_02/benchmark_results/simulated_data/results/snv_cell_names	/home/kang/research/SIEVE_benchmark_pipeline_04_02/benchmark_results/sieve/from_candidate/variant_calling/stage2/mt/exc_cnv/none_univ-fels_fixed_2/0019/sieve_median.cell_names	/home/kang/research/SIEVE_benchmark_pipeline_04_02/benchmark_results/sieve/from_candidate/variant_calling/stage2/mt/exc_cnv/none_univ-fels_fixed_2/0019/sieve_median.loci_info	/home/kang/research/SIEVE_benchmark_pipeline_04_02/benchmark_results/simulated_data/results/ado_state_dir/ado_states.0019	/home/kang/research/SIEVE_benchmark_pipeline_04_02/benchmark_results/sieve/from_candidate/variant_calling/stage2/mt/exc_cnv/none_univ-fels_fixed_2/0019/sieve_median.ado	1824	255	10252	309	0.8551336146272855	0.8773448773448773	0.866096866096866	0.0242695345959836	1824	255	10252	309	0.8551336146272855	0.8773448773448773	0.866096866096866	0.0242695345959836	0	0	12640	0	NA	NA	NA	0.0
40	20	10	0.001999	0.16334	0.0	0.0	0020	sieve	candidate_snvs	none_univ-fels_fixed_2	mt	exc_cnv	/home/kang/research/SIEVE_benchmark_pipeline_04_02/benchmark_results/simulated_data/results/snv_cell_names	/home/kang/research/SIEVE_benchmark_pipeline_04_02/benchmark_results/sieve/from_candidate/variant_calling/stage2/mt/exc_cnv/none_univ-fels_fixed_2/0020/sieve_median.cell_names	/home/kang/research/SIEVE_benchmark_pipeline_04_02/benchmark_results/sieve/from_candidate/variant_calling/stage2/mt/exc_cnv/none_univ-fels_fixed_2/0020/sieve_median.loci_info	/home/kang/research/SIEVE_benchmark_pipeline_04_02/benchmark_results/simulated_data/results/ado_state_dir/ado_states.0020	/home/kang/research/SIEVE_benchmark_pipeline_04_02/benchmark_results/sieve/from_candidate/variant_calling/stage2/mt/exc_cnv/none_univ-fels_fixed_2/0020/sieve_median.ado	1478	168	8711	283	0.8392958546280522	0.8979343863912516	0.8676254769592017	0.0189210496677553	1478	168	8711	283	0.8392958546280522	0.8979343863912516	0.8676254769592017	0.0189210496677553	0	0	10640	0	NA	NA	NA	0.0
40	20	10	0.001999	0.16334	0.0	0.0	0001	sieve	candidate_snvs	none_univ-fels_fixed_2	mt	inc_cnv	/home/kang/research/SIEVE_benchmark_pipeline_04_02/benchmark_results/simulated_data/results/snv_cell_names	/home/kang/research/SIEVE_benchmark_pipeline_04_02/benchmark_results/sieve/from_candidate/variant_calling/stage2/mt/inc_cnv/none_univ-fels_fixed_2/0001/sieve_median.cell_names	/home/kang/research/SIEVE_benchmark_pipeline_04_02/benchmark_results/sieve/from_candidate/variant_calling/stage2/mt/inc_cnv/none_univ-fels_fixed_2/0001/sieve_median.loci_info	/home/kang/research/SIEVE_benchmark_pipeline_04_02/benchmark_results/simulated_data/results/ado_state_dir/ado_states.0001	/home/kang/research/SIEVE_benchmark_pipeline_04_02/benchmark_results/sieve/from_candidate/variant_calling/stage2/mt/inc_cnv/none_univ-fels_fixed_2/0001/sieve_median.ado	1087	737	30503	5073	0.1764610389610389	0.5959429824561403	0.2722945891783567	0.0235915492957746	1087	737	30503	5073	0.1764610389610389	0.5959429824561403	0.2722945891783567	0.0235915492957746	0	0	37400	0	NA	NA	NA	0.0
40	20	10	0.001999	0.16334	0.0	0.0	0002	sieve	candidate_snvs	none_univ-fels_fixed_2	mt	inc_cnv	/home/kang/research/SIEVE_benchmark_pipeline_04_02/benchmark_results/simulated_data/results/snv_cell_names	/home/kang/research/SIEVE_benchmark_pipeline_04_02/benchmark_results/sieve/from_candidate/variant_calling/stage2/mt/inc_cnv/none_univ-fels_fixed_2/0002/sieve_median.cell_names	/home/kang/research/SIEVE_benchmark_pipeline_04_02/benchmark_results/sieve/from_candidate/variant_calling/stage2/mt/inc_cnv/none_univ-fels_fixed_2/0002/sieve_median.loci_info	/home/kang/research/SIEVE_benchmark_pipeline_04_02/benchmark_results/simulated_data/results/ado_state_dir/ado_states.0002	/home/kang/research/SIEVE_benchmark_pipeline_04_02/benchmark_results/sieve/from_candidate/variant_calling/stage2/mt/inc_cnv/none_univ-fels_fixed_2/0002/sieve_median.ado	51	89	25406	4854	0.0103975535168195	0.3642857142857142	0.0202180376610505	0.0034908805648166	51	89	25406	4854	0.0103975535168195	0.3642857142857142	0.0202180376610505	0.0034908805648166	0	0	30400	0	NA	NA	NA	0.0
40	20	10	0.001999	0.16334	0.0	0.0	0003	sieve	candidate_snvs	none_univ-fels_fixed_2	mt	inc_cnv	/home/kang/research/SIEVE_benchmark_pipeline_04_02/benchmark_results/simulated_data/results/snv_cell_names	/home/kang/research/SIEVE_benchmark_pipeline_04_02/benchmark_results/sieve/from_candidate/variant_calling/stage2/mt/inc_cnv/none_univ-fels_fixed_2/0003/sieve_median.cell_names	/home/kang/research/SIEVE_benchmark_pipeline_04_02/benchmark_results/sieve/from_candidate/variant_calling/stage2/mt/inc_cnv/none_univ-fels_fixed_2/0003/sieve_median.loci_info	/home/kang/research/SIEVE_benchmark_pipeline_04_02/benchmark_results/simulated_data/results/ado_state_dir/ado_states.0003	/home/kang/research/SIEVE_benchmark_pipeline_04_02/benchmark_results/sieve/from_candidate/variant_calling/stage2/mt/inc_cnv/none_univ-fels_fixed_2/0003/sieve_median.ado	180	356	26875	5069	0.0342922461421223	0.3358208955223881	0.0622299049265341	0.0130733355367044	180	356	26875	5069	0.0342922461421223	0.3358208955223881	0.0622299049265341	0.0130733355367044	0	0	32480	0	NA	NA	NA	0.0
40	20	10	0.001999	0.16334	0.0	0.0	0004	sieve	candidate_snvs	none_univ-fels_fixed_2	mt	inc_cnv	/home/kang/research/SIEVE_benchmark_pipeline_04_02/benchmark_results/simulated_data/results/snv_cell_names	/home/kang/research/SIEVE_benchmark_pipeline_04_02/benchmark_results/sieve/from_candidate/variant_calling/stage2/mt/inc_cnv/none_univ-fels_fixed_2/0004/sieve_median.cell_names	/home/kang/research/SIEVE_benchmark_pipeline_04_02/benchmark_results/sieve/from_candidate/variant_calling/stage2/mt/inc_cnv/none_univ-fels_fixed_2/0004/sieve_median.loci_info	/home/kang/research/SIEVE_benchmark_pipeline_04_02/benchmark_results/simulated_data/results/ado_state_dir/ado_states.0004	/home/kang/research/SIEVE_benchmark_pipeline_04_02/benchmark_results/sieve/from_candidate/variant_calling/stage2/mt/inc_cnv/none_univ-fels_fixed_2/0004/sieve_median.ado	1146	878	29030	4546	0.2013352073085031	0.5662055335968379	0.2970451010886469	0.0293566938611742	1146	878	29030	4546	0.2013352073085031	0.5662055335968379	0.2970451010886469	0.0293566938611742	0	0	35600	0	NA	NA	NA	0.0
40	20	10	0.001999	0.16334	0.0	0.0	0005	sieve	candidate_snvs	none_univ-fels_fixed_2	mt	inc_cnv	/home/kang/research/SIEVE_benchmark_pipeline_04_02/benchmark_results/simulated_data/results/snv_cell_names	/home/kang/research/SIEVE_benchmark_pipeline_04_02/benchmark_results/sieve/from_candidate/variant_calling/stage2/mt/inc_cnv/none_univ-fels_fixed_2/0005/sieve_median.cell_names	/home/kang/research/SIEVE_benchmark_pipeline_04_02/benchmark_results/sieve/from_candidate/variant_calling/stage2/mt/inc_cnv/none_univ-fels_fixed_2/0005/sieve_median.loci_info	/home/kang/research/SIEVE_benchmark_pipeline_04_02/benchmark_results/simulated_data/results/ado_state_dir/ado_states.0005	/home/kang/research/SIEVE_benchmark_pipeline_04_02/benchmark_results/sieve/from_candidate/variant_calling/stage2/mt/inc_cnv/none_univ-fels_fixed_2/0005/sieve_median.ado	1076	779	27278	4347	0.1984141619030057	0.5800539083557952	0.2956856279197581	0.027764907153295	1076	779	27278	4347	0.1984141619030057	0.5800539083557952	0.2956856279197581	0.027764907153295	0	0	33480	0	NA	NA	NA	0.0
40	20	10	0.001999	0.16334	0.0	0.0	0006	sieve	candidate_snvs	none_univ-fels_fixed_2	mt	inc_cnv	/home/kang/research/SIEVE_benchmark_pipeline_04_02/benchmark_results/simulated_data/results/snv_cell_names	/home/kang/research/SIEVE_benchmark_pipeline_04_02/benchmark_results/sieve/from_candidate/variant_calling/stage2/mt/inc_cnv/none_univ-fels_fixed_2/0006/sieve_median.cell_names	/home/kang/research/SIEVE_benchmark_pipeline_04_02/benchmark_results/sieve/from_candidate/variant_calling/stage2/mt/inc_cnv/none_univ-fels_fixed_2/0006/sieve_median.loci_info	/home/kang/research/SIEVE_benchmark_pipeline_04_02/benchmark_results/simulated_data/results/ado_state_dir/ado_states.0006	/home/kang/research/SIEVE_benchmark_pipeline_04_02/benchmark_results/sieve/from_candidate/variant_calling/stage2/mt/inc_cnv/none_univ-fels_fixed_2/0006/sieve_median.ado	898	663	30154	5045	0.1511021369678613	0.575272261370916	0.2393390191897654	0.0215140993607424	898	663	30154	5045	0.1511021369678613	0.575272261370916	0.2393390191897654	0.0215140993607424	0	0	36760	0	NA	NA	NA	0.0
40	20	10	0.001999	0.16334	0.0	0.0	0007	sieve	candidate_snvs	none_univ-fels_fixed_2	mt	inc_cnv	/home/kang/research/SIEVE_benchmark_pipeline_04_02/benchmark_results/simulated_data/results/snv_cell_names	/home/kang/research/SIEVE_benchmark_pipeline_04_02/benchmark_results/sieve/from_candidate/variant_calling/stage2/mt/inc_cnv/none_univ-fels_fixed_2/0007/sieve_median.cell_names	/home/kang/research/SIEVE_benchmark_pipeline_04_02/benchmark_results/sieve/from_candidate/variant_calling/stage2/mt/inc_cnv/none_univ-fels_fixed_2/0007/sieve_median.loci_info	/home/kang/research/SIEVE_benchmark_pipeline_04_02/benchmark_results/simulated_data/results/ado_state_dir/ado_states.0007	/home/kang/research/SIEVE_benchmark_pipeline_04_02/benchmark_results/sieve/from_candidate/variant_calling/stage2/mt/inc_cnv/none_univ-fels_fixed_2/0007/sieve_median.ado	886	706	26712	4456	0.1658554848371396	0.5565326633165829	0.2555523507355062	0.0257495076227295	886	706	26712	4456	0.1658554848371396	0.5565326633165829	0.2555523507355062	0.0257495076227295	0	0	32760	0	NA	NA	NA	0.0
40	20	10	0.001999	0.16334	0.0	0.0	0008	sieve	candidate_snvs	none_univ-fels_fixed_2	mt	inc_cnv	/home/kang/research/SIEVE_benchmark_pipeline_04_02/benchmark_results/simulated_data/results/snv_cell_names	/home/kang/research/SIEVE_benchmark_pipeline_04_02/benchmark_results/sieve/from_candidate/variant_calling/stage2/mt/inc_cnv/none_univ-fels_fixed_2/0008/sieve_median.cell_names	/home/kang/research/SIEVE_benchmark_pipeline_04_02/benchmark_results/sieve/from_candidate/variant_calling/stage2/mt/inc_cnv/none_univ-fels_fixed_2/0008/sieve_median.loci_info	/home/kang/research/SIEVE_benchmark_pipeline_04_02/benchmark_results/simulated_data/results/ado_state_dir/ado_states.0008	/home/kang/research/SIEVE_benchmark_pipeline_04_02/benchmark_results/sieve/from_candidate/variant_calling/stage2/mt/inc_cnv/none_univ-fels_fixed_2/0008/sieve_median.ado	646	559	29754	5201	0.1104840088934496	0.5360995850622406	0.1832104367555303	0.018440932933065	646	559	29754	5201	0.1104840088934496	0.5360995850622406	0.1832104367555303	0.018440932933065	0	0	36160	0	NA	NA	NA	0.0
40	20	10	0.001999	0.16334	0.0	0.0	0009	sieve	candidate_snvs	none_univ-fels_fixed_2	mt	inc_cnv	/home/kang/research/SIEVE_benchmark_pipeline_04_02/benchmark_results/simulated_data/results/snv_cell_names	/home/kang/research/SIEVE_benchmark_pipeline_04_02/benchmark_results/sieve/from_candidate/variant_calling/stage2/mt/inc_cnv/none_univ-fels_fixed_2/0009/sieve_median.cell_names	/home/kang/research/SIEVE_benchmark_pipeline_04_02/benchmark_results/sieve/from_candidate/variant_calling/stage2/mt/inc_cnv/none_univ-fels_fixed_2/0009/sieve_median.loci_info	/home/kang/research/SIEVE_benchmark_pipeline_04_02/benchmark_results/simulated_data/results/ado_state_dir/ado_states.0009	/home/kang/research/SIEVE_benchmark_pipeline_04_02/benchmark_results/sieve/from_candidate/variant_calling/stage2/mt/inc_cnv/none_univ-fels_fixed_2/0009/sieve_median.ado	1184	767	27697	4232	0.2186115214180206	0.6068682726806766	0.321433419302294	0.0269463181562675	1184	767	27697	4232	0.2186115214180206	0.6068682726806766	0.321433419302294	0.0269463181562675	0	0	33880	0	NA	NA	NA	0.0
40	20	10	0.001999	0.16334	0.0	0.0	0010	sieve	candidate_snvs	none_univ-fels_fixed_2	mt	inc_cnv	/home/kang/research/SIEVE_benchmark_pipeline_04_02/benchmark_results/simulated_data/results/snv_cell_names	/home/kang/research/SIEVE_benchmark_pipeline_04_02/benchmark_results/sieve/from_candidate/variant_calling/stage2/mt/inc_cnv/none_univ-fels_fixed_2/0010/sieve_median.cell_names	/home/kang/research/SIEVE_benchmark_pipeline_04_02/benchmark_results/sieve/from_candidate/variant_calling/stage2/mt/inc_cnv/none_univ-fels_fixed_2/0010/sieve_median.loci_info	/home/kang/research/SIEVE_benchmark_pipeline_04_02/benchmark_results/simulated_data/results/ado_state_dir/ado_states.0010	/home/kang/research/SIEVE_benchmark_pipeline_04_02/benchmark_results/sieve/from_candidate/variant_calling/stage2/mt/inc_cnv/none_univ-fels_fixed_2/0010/sieve_median.ado	188	320	30901	5991	0.0304256352160543	0.3700787401574803	0.0562285030656497	0.0102495115467153	188	320	30901	5991	0.0304256352160543	0.3700787401574803	0.0562285030656497	0.0102495115467153	0	0	37400	0	NA	NA	NA	0.0
40	20	10	0.001999	0.16334	0.0	0.0	0011	sieve	candidate_snvs	none_univ-fels_fixed_2	mt	inc_cnv	/home/kang/research/SIEVE_benchmark_pipeline_04_02/benchmark_results/simulated_data/results/snv_cell_names	/home/kang/research/SIEVE_benchmark_pipeline_04_02/benchmark_results/sieve/from_candidate/variant_calling/stage2/mt/inc_cnv/none_univ-fels_fixed_2/0011/sieve_median.cell_names	/home/kang/research/SIEVE_benchmark_pipeline_04_02/benchmark_results/sieve/from_candidate/variant_calling/stage2/mt/inc_cnv/none_univ-fels_fixed_2/0011/sieve_median.loci_info	/home/kang/research/SIEVE_benchmark_pipeline_04_02/benchmark_results/simulated_data/results/ado_state_dir/ado_states.0011	/home/kang/research/SIEVE_benchmark_pipeline_04_02/benchmark_results/sieve/from_candidate/variant_calling/stage2/mt/inc_cnv/none_univ-fels_fixed_2/0011/sieve_median.ado	1323	1068	35037	5492	0.1941305942773294	0.5533249686323714	0.2874212470128177	0.0295803905276277	1323	1068	35037	5492	0.1941305942773294	0.5533249686323714	0.2874212470128177	0.0295803905276277	0	0	42920	0	NA	NA	NA	0.0
40	20	10	0.001999	0.16334	0.0	0.0	0012	sieve	candidate_snvs	none_univ-fels_fixed_2	mt	inc_cnv	/home/kang/research/SIEVE_benchmark_pipeline_04_02/benchmark_results/simulated_data/results/snv_cell_names	/home/kang/research/SIEVE_benchmark_pipeline_04_02/benchmark_results/sieve/from_candidate/variant_calling/stage2/mt/inc_cnv/none_univ-fels_fixed_2/0012/sieve_median.cell_names	/home/kang/research/SIEVE_benchmark_pipeline_04_02/benchmark_results/sieve/from_candidate/variant_calling/stage2/mt/inc_cnv/none_univ-fels_fixed_2/0012/sieve_median.loci_info	/home/kang/research/SIEVE_benchmark_pipeline_04_02/benchmark_results/simulated_data/results/ado_state_dir/ado_states.0012	/home/kang/research/SIEVE_benchmark_pipeline_04_02/benchmark_results/sieve/from_candidate/variant_calling/stage2/mt/inc_cnv/none_univ-fels_fixed_2/0012/sieve_median.ado	812	832	33637	5879	0.1213570467792557	0.4939172749391727	0.1948410317936412	0.0241376309147349	812	832	33637	5879	0.1213570467792557	0.4939172749391727	0.1948410317936412	0.0241376309147349	0	0	41160	0	NA	NA	NA	0.0
40	20	10	0.001999	0.16334	0.0	0.0	0013	sieve	candidate_snvs	none_univ-fels_fixed_2	mt	inc_cnv	/home/kang/research/SIEVE_benchmark_pipeline_04_02/benchmark_results/simulated_data/results/snv_cell_names	/home/kang/research/SIEVE_benchmark_pipeline_04_02/benchmark_results/sieve/from_candidate/variant_calling/stage2/mt/inc_cnv/none_univ-fels_fixed_2/0013/sieve_median.cell_names	/home/kang/research/SIEVE_benchmark_pipeline_04_02/benchmark_results/sieve/from_candidate/variant_calling/stage2/mt/inc_cnv/none_univ-fels_fixed_2/0013/sieve_median.loci_info	/home/kang/research/SIEVE_benchmark_pipeline_04_02/benchmark_results/simulated_data/results/ado_state_dir/ado_states.0013	/home/kang/research/SIEVE_benchmark_pipeline_04_02/benchmark_results/sieve/from_candidate/variant_calling/stage2/mt/inc_cnv/none_univ-fels_fixed_2/0013/sieve_median.ado	188	428	23995	4629	0.0390284409383433	0.3051948051948052	0.0692066997975335	0.0175244646439831	188	428	23995	4629	0.0390284409383433	0.3051948051948052	0.0692066997975335	0.0175244646439831	0	0	29240	0	NA	NA	NA	0.0
40	20	10	0.001999	0.16334	0.0	0.0	0014	sieve	candidate_snvs	none_univ-fels_fixed_2	mt	inc_cnv	/home/kang/research/SIEVE_benchmark_pipeline_04_02/benchmark_results/simulated_data/results/snv_cell_names	/home/kang/research/SIEVE_benchmark_pipeline_04_02/benchmark_results/sieve/from_candidate/variant_calling/stage2/mt/inc_cnv/none_univ-fels_fixed_2/0014/sieve_median.cell_names	/home/kang/research/SIEVE_benchmark_pipeline_04_02/benchmark_results/sieve/from_candidate/variant_calling/stage2/mt/inc_cnv/none_univ-fels_fixed_2/0014/sieve_median.loci_info	/home/kang/research/SIEVE_benchmark_pipeline_04_02/benchmark_results/simulated_data/results/ado_state_dir/ado_states.0014	/home/kang/research/SIEVE_benchmark_pipeline_04_02/benchmark_results/sieve/from_candidate/variant_calling/stage2/mt/inc_cnv/none_univ-fels_fixed_2/0014/sieve_median.ado	763	594	28977	5066	0.13089723794819	0.5622697126013264	0.2123573615363206	0.0200872476412701	763	594	28977	5066	0.13089723794819	0.5622697126013264	0.2123573615363206	0.0200872476412701	0	0	35400	0	NA	NA	NA	0.0
40	20	10	0.001999	0.16334	0.0	0.0	0015	sieve	candidate_snvs	none_univ-fels_fixed_2	mt	inc_cnv	/home/kang/research/SIEVE_benchmark_pipeline_04_02/benchmark_results/simulated_data/results/snv_cell_names	/home/kang/research/SIEVE_benchmark_pipeline_04_02/benchmark_results/sieve/from_candidate/variant_calling/stage2/mt/inc_cnv/none_univ-fels_fixed_2/0015/sieve_median.cell_names	/home/kang/research/SIEVE_benchmark_pipeline_04_02/benchmark_results/sieve/from_candidate/variant_calling/stage2/mt/inc_cnv/none_univ-fels_fixed_2/0015/sieve_median.loci_info	/home/kang/research/SIEVE_benchmark_pipeline_04_02/benchmark_results/simulated_data/results/ado_state_dir/ado_states.0015	/home/kang/research/SIEVE_benchmark_pipeline_04_02/benchmark_results/sieve/from_candidate/variant_calling/stage2/mt/inc_cnv/none_univ-fels_fixed_2/0015/sieve_median.ado	898	684	31943	5515	0.1400280679869016	0.5676359039190898	0.2246404002501563	0.020964232077727	898	684	31943	5515	0.1400280679869016	0.5676359039190898	0.2246404002501563	0.020964232077727	0	0	39040	0	NA	NA	NA	0.0
40	20	10	0.001999	0.16334	0.0	0.0	0016	sieve	candidate_snvs	none_univ-fels_fixed_2	mt	inc_cnv	/home/kang/research/SIEVE_benchmark_pipeline_04_02/benchmark_results/simulated_data/results/snv_cell_names	/home/kang/research/SIEVE_benchmark_pipeline_04_02/benchmark_results/sieve/from_candidate/variant_calling/stage2/mt/inc_cnv/none_univ-fels_fixed_2/0016/sieve_median.cell_names	/home/kang/research/SIEVE_benchmark_pipeline_04_02/benchmark_results/sieve/from_candidate/variant_calling/stage2/mt/inc_cnv/none_univ-fels_fixed_2/0016/sieve_median.loci_info	/home/kang/research/SIEVE_benchmark_pipeline_04_02/benchmark_results/simulated_data/results/ado_state_dir/ado_states.0016	/home/kang/research/SIEVE_benchmark_pipeline_04_02/benchmark_results/sieve/from_candidate/variant_calling/stage2/mt/inc_cnv/none_univ-fels_fixed_2/0016/sieve_median.ado	157	175	23498	4450	0.0340785760798784	0.4728915662650602	0.0635756225956671	0.0073923879525197	157	175	23498	4450	0.0340785760798784	0.4728915662650602	0.0635756225956671	0.0073923879525197	0	0	28280	0	NA	NA	NA	0.0
40	20	10	0.001999	0.16334	0.0	0.0	0017	sieve	candidate_snvs	none_univ-fels_fixed_2	mt	inc_cnv	/home/kang/research/SIEVE_benchmark_pipeline_04_02/benchmark_results/simulated_data/results/snv_cell_names	/home/kang/research/SIEVE_benchmark_pipeline_04_02/benchmark_results/sieve/from_candidate/variant_calling/stage2/mt/inc_cnv/none_univ-fels_fixed_2/0017/sieve_median.cell_names	/home/kang/research/SIEVE_benchmark_pipeline_04_02/benchmark_results/sieve/from_candidate/variant_calling/stage2/mt/inc_cnv/none_univ-fels_fixed_2/0017/sieve_median.loci_info	/home/kang/research/SIEVE_benchmark_pipeline_04_02/benchmark_results/simulated_data/results/ado_state_dir/ado_states.0017	/home/kang/research/SIEVE_benchmark_pipeline_04_02/benchmark_results/sieve/from_candidate/variant_calling/stage2/mt/inc_cnv/none_univ-fels_fixed_2/0017/sieve_median.ado	593	747	31617	5683	0.0944869343530911	0.4425373134328358	0.1557247899159663	0.0230812013348164	593	747	31617	5683	0.0944869343530911	0.4425373134328358	0.1557247899159663	0.0230812013348164	0	0	38640	0	NA	NA	NA	0.0
40	20	10	0.001999	0.16334	0.0	0.0	0018	sieve	candidate_snvs	none_univ-fels_fixed_2	mt	inc_cnv	/home/kang/research/SIEVE_benchmark_pipeline_04_02/benchmark_results/simulated_data/results/snv_cell_names	/home/kang/research/SIEVE_benchmark_pipeline_04_02/benchmark_results/sieve/from_candidate/variant_calling/stage2/mt/inc_cnv/none_univ-fels_fixed_2/0018/sieve_median.cell_names	/home/kang/research/SIEVE_benchmark_pipeline_04_02/benchmark_results/sieve/from_candidate/variant_calling/stage2/mt/inc_cnv/none_univ-fels_fixed_2/0018/sieve_median.loci_info	/home/kang/research/SIEVE_benchmark_pipeline_04_02/benchmark_results/simulated_data/results/ado_state_dir/ado_states.0018	/home/kang/research/SIEVE_benchmark_pipeline_04_02/benchmark_results/sieve/from_candidate/variant_calling/stage2/mt/inc_cnv/none_univ-fels_fixed_2/0018/sieve_median.ado	843	747	27576	4634	0.1539163775789666	0.530188679245283	0.2385736521862176	0.0263743247537337	843	747	27576	4634	0.1539163775789666	0.530188679245283	0.2385736521862176	0.0263743247537337	0	0	33800	0	NA	NA	NA	0.0
40	20	10	0.001999	0.16334	0.0	0.0	0019	sieve	candidate_snvs	none_univ-fels_fixed_2	mt	inc_cnv	/home/kang/research/SIEVE_benchmark_pipeline_04_02/benchmark_results/simulated_data/results/snv_cell_names	/home/kang/research/SIEVE_benchmark_pipeline_04_02/benchmark_results/sieve/from_candidate/variant_calling/stage2/mt/inc_cnv/none_univ-fels_fixed_2/0019/sieve_median.cell_names	/home/kang/research/SIEVE_benchmark_pipeline_04_02/benchmark_results/sieve/from_candidate/variant_calling/stage2/mt/inc_cnv/none_univ-fels_fixed_2/0019/sieve_median.loci_info	/home/kang/research/SIEVE_benchmark_pipeline_04_02/benchmark_results/simulated_data/results/ado_state_dir/ado_states.0019	/home/kang/research/SIEVE_benchmark_pipeline_04_02/benchmark_results/sieve/from_candidate/variant_calling/stage2/mt/inc_cnv/none_univ-fels_fixed_2/0019/sieve_median.ado	692	666	28079	4883	0.1241255605381165	0.5095729013254786	0.199624981970287	0.0231692468255348	692	666	28079	4883	0.1241255605381165	0.5095729013254786	0.199624981970287	0.0231692468255348	0	0	34320	0	NA	NA	NA	0.0
40	20	10	0.001999	0.16334	0.0	0.0	0020	sieve	candidate_snvs	none_univ-fels_fixed_2	mt	inc_cnv	/home/kang/research/SIEVE_benchmark_pipeline_04_02/benchmark_results/simulated_data/results/snv_cell_names	/home/kang/research/SIEVE_benchmark_pipeline_04_02/benchmark_results/sieve/from_candidate/variant_calling/stage2/mt/inc_cnv/none_univ-fels_fixed_2/0020/sieve_median.cell_names	/home/kang/research/SIEVE_benchmark_pipeline_04_02/benchmark_results/sieve/from_candidate/variant_calling/stage2/mt/inc_cnv/none_univ-fels_fixed_2/0020/sieve_median.loci_info	/home/kang/research/SIEVE_benchmark_pipeline_04_02/benchmark_results/simulated_data/results/ado_state_dir/ado_states.0020	/home/kang/research/SIEVE_benchmark_pipeline_04_02/benchmark_results/sieve/from_candidate/variant_calling/stage2/mt/inc_cnv/none_univ-fels_fixed_2/0020/sieve_median.ado	928	496	24846	4130	0.1834717279557137	0.651685393258427	0.2863313792039494	0.0195722515981374	928	496	24846	4130	0.1834717279557137	0.651685393258427	0.2863313792039494	0.0195722515981374	0	0	30400	0	NA	NA	NA	0.0
